campaign_id,configuration_id,environment_id,case_id,m,n,nnz,fixture_family,seed,nonzeros_per_column,nonzeros_per_row,row_scale_ratio,blocks,fixture_hash,source_configuration_id,suite,algorithm,implementation,scenario,control,tolerance,outer_limit,eta,cg_tolerance,cg_limit_per_rank,rp,rd,preconditioner_budget_bytes,partitions,executors,tasks_per_executor,heap_gib,timing_scope,warmups,warmup_case,source_hash,computer,os,spark_version,java_version,blas,spark_master,repetition,attempt,warmup,status,solve_seconds,outer_iterations,cg_steps,cg_restarts,rank_escalations,max_rank,accuracy_basis,primal,dual,gap,objective,objective_error,min_x,min_s,peak_heap_bytes,peak_rss_bytes,memory_scope,spark_jobs,source_path,source_revision,source_sha256,source_line
rerun-20260914-solver-scaling,cfg-b4f3954385c8e0a0,env-e6211d7d84b6,rows-100-vars-1000-width-8,100,1000,800,well,11,,8,,,af7af138e6af3cc9e52edf7c2819d7ac248071d1ee503747ac72b7beabe2ee9a,cfg-17dc92e41513d856,com.github.vbmacher.spark_lp.CGBenchmark,CG,cg,,,1e-08,100,,1e-10,1000,1e-08,1e-08,268435456,8,1,4,4,core solve excluding independent validation,1,,550c1d6863214c606d7afaf8c886f342d5e6f8076ffca2a81e02a02afc1004f6,fedora,Linux,3.5.3,11.0.26+4-LTS,com.github.fommil.netlib.F2jBLAS,local[4],0,1,True,Success,9.348150871,6,106,0,,0,independent-original-lp,1.5361448518723897e-16,2.9713643980844715e-12,3.585959501929602e-10,5.847432636581316,3.805154623727215e-10,2.0086357487056366e-13,3.708293675878889e-13,3216105216,3887661056,driver process; combined with executors in local mode; includes validation,,rows-100-vars-1000-width-8--cg/records.jsonl,,7da5c42a96fa01aadbbaefe43f67fe0e41f595ff1c19a20495a06767d091f2c9,1
rerun-20260914-solver-scaling,cfg-b4f3954385c8e0a0,env-e6211d7d84b6,rows-100-vars-1000-width-8,100,1000,800,well,11,,8,,,af7af138e6af3cc9e52edf7c2819d7ac248071d1ee503747ac72b7beabe2ee9a,cfg-17dc92e41513d856,com.github.vbmacher.spark_lp.CGBenchmark,CG,cg,,,1e-08,100,,1e-10,1000,1e-08,1e-08,268435456,8,1,4,4,core solve excluding independent validation,1,,550c1d6863214c606d7afaf8c886f342d5e6f8076ffca2a81e02a02afc1004f6,fedora,Linux,3.5.3,11.0.26+4-LTS,com.github.fommil.netlib.F2jBLAS,local[4],1,1,False,Success,8.687665800000001,6,106,0,,0,independent-original-lp,1.5361448518723897e-16,2.9713643980844715e-12,3.585959501929602e-10,5.847432636581316,3.805154623727215e-10,2.0086357487056366e-13,3.708293675878889e-13,3112125952,4050288640,driver process; combined with executors in local mode; includes validation,,rows-100-vars-1000-width-8--cg/records.jsonl,,7da5c42a96fa01aadbbaefe43f67fe0e41f595ff1c19a20495a06767d091f2c9,2
rerun-20260914-solver-scaling,cfg-b4f3954385c8e0a0,env-e6211d7d84b6,rows-100-vars-1000-width-8,100,1000,800,well,11,,8,,,af7af138e6af3cc9e52edf7c2819d7ac248071d1ee503747ac72b7beabe2ee9a,cfg-17dc92e41513d856,com.github.vbmacher.spark_lp.CGBenchmark,CG,cg,,,1e-08,100,,1e-10,1000,1e-08,1e-08,268435456,8,1,4,4,core solve excluding independent validation,1,,550c1d6863214c606d7afaf8c886f342d5e6f8076ffca2a81e02a02afc1004f6,fedora,Linux,3.5.3,11.0.26+4-LTS,com.github.fommil.netlib.F2jBLAS,local[4],2,1,False,Success,8.744144164000001,6,106,0,,0,independent-original-lp,1.5361448518723897e-16,2.9713643980844715e-12,3.585959501929602e-10,5.847432636581316,3.805154623727215e-10,2.0086357487056366e-13,3.708293675878889e-13,3181735672,4149968896,driver process; combined with executors in local mode; includes validation,,rows-100-vars-1000-width-8--cg/records.jsonl,,7da5c42a96fa01aadbbaefe43f67fe0e41f595ff1c19a20495a06767d091f2c9,3
rerun-20260914-solver-scaling,cfg-b4f3954385c8e0a0,env-e6211d7d84b6,rows-100-vars-1000-width-8,100,1000,800,well,11,,8,,,af7af138e6af3cc9e52edf7c2819d7ac248071d1ee503747ac72b7beabe2ee9a,cfg-17dc92e41513d856,com.github.vbmacher.spark_lp.CGBenchmark,CG,cg,,,1e-08,100,,1e-10,1000,1e-08,1e-08,268435456,8,1,4,4,core solve excluding independent validation,1,,550c1d6863214c606d7afaf8c886f342d5e6f8076ffca2a81e02a02afc1004f6,fedora,Linux,3.5.3,11.0.26+4-LTS,com.github.fommil.netlib.F2jBLAS,local[4],3,1,False,Success,7.6986319729999995,6,106,0,,0,independent-original-lp,1.5361448518723897e-16,2.9713643980844703e-12,3.585955610638659e-10,5.847432636581313,3.805150732436272e-10,2.0086357487056366e-13,3.708293675878889e-13,3220654144,4182966272,driver process; combined with executors in local mode; includes validation,,rows-100-vars-1000-width-8--cg/records.jsonl,,7da5c42a96fa01aadbbaefe43f67fe0e41f595ff1c19a20495a06767d091f2c9,4
rerun-20260914-solver-scaling,cfg-b4f3954385c8e0a0,env-e6211d7d84b6,rows-100-vars-1000-width-8,100,1000,800,well,11,,8,,,af7af138e6af3cc9e52edf7c2819d7ac248071d1ee503747ac72b7beabe2ee9a,cfg-17dc92e41513d856,com.github.vbmacher.spark_lp.CGBenchmark,CG,cg,,,1e-08,100,,1e-10,1000,1e-08,1e-08,268435456,8,1,4,4,core solve excluding independent validation,1,,550c1d6863214c606d7afaf8c886f342d5e6f8076ffca2a81e02a02afc1004f6,fedora,Linux,3.5.3,11.0.26+4-LTS,com.github.fommil.netlib.F2jBLAS,local[4],4,1,False,Success,8.266209541,6,106,0,,0,independent-original-lp,1.5361448518723897e-16,2.9713643980844715e-12,3.585959501929602e-10,5.847432636581316,3.805154623727215e-10,2.0086357487056366e-13,3.708293675878889e-13,3170525992,4202676224,driver process; combined with executors in local mode; includes validation,,rows-100-vars-1000-width-8--cg/records.jsonl,,7da5c42a96fa01aadbbaefe43f67fe0e41f595ff1c19a20495a06767d091f2c9,5
rerun-20260914-solver-scaling,cfg-b4f3954385c8e0a0,env-e6211d7d84b6,rows-100-vars-1000-width-8,100,1000,800,well,11,,8,,,af7af138e6af3cc9e52edf7c2819d7ac248071d1ee503747ac72b7beabe2ee9a,cfg-17dc92e41513d856,com.github.vbmacher.spark_lp.CGBenchmark,CG,cg,,,1e-08,100,,1e-10,1000,1e-08,1e-08,268435456,8,1,4,4,core solve excluding independent validation,1,,550c1d6863214c606d7afaf8c886f342d5e6f8076ffca2a81e02a02afc1004f6,fedora,Linux,3.5.3,11.0.26+4-LTS,com.github.fommil.netlib.F2jBLAS,local[4],5,1,False,Success,9.127747777,6,106,0,,0,independent-original-lp,1.5361448518723897e-16,2.9713643980844715e-12,3.585959501929602e-10,5.847432636581316,3.805154623727215e-10,2.0086357487056366e-13,3.708293675878889e-13,3210735104,4225335296,driver process; combined with executors in local mode; includes validation,,rows-100-vars-1000-width-8--cg/records.jsonl,,7da5c42a96fa01aadbbaefe43f67fe0e41f595ff1c19a20495a06767d091f2c9,6
rerun-20260914-solver-scaling,cfg-c71dbea4677781a4,env-e6211d7d84b6,rows-100-vars-1000-width-8,100,1000,800,well,11,,8,,,af7af138e6af3cc9e52edf7c2819d7ac248071d1ee503747ac72b7beabe2ee9a,cfg-aa8ff7285e0ba845,com.github.vbmacher.spark_lp.CholeskyBenchmark,Cholesky,cholesky,,,1e-08,100,,1e-10,1000,0.0,0.0,268435456,8,1,4,4,core solve excluding independent validation,1,,550c1d6863214c606d7afaf8c886f342d5e6f8076ffca2a81e02a02afc1004f6,fedora,Linux,3.5.3,11.0.26+4-LTS,com.github.fommil.netlib.F2jBLAS,local[4],0,1,True,Success,4.241558143,6,0,0,,0,independent-original-lp,2.3842882806415725e-16,2.9714233711099293e-12,3.5859958206450816e-10,5.847432636581316,3.805154623727215e-10,2.0086359914258102e-13,3.7082848211377995e-13,1533196672,2245640192,driver process; combined with executors in local mode; includes validation,,rows-100-vars-1000-width-8--cholesky/records.jsonl,,dc3534f89a15a9019ada990d96fd8fa14597cf9a94215868a7af4febd53ccb08,1
rerun-20260914-solver-scaling,cfg-c71dbea4677781a4,env-e6211d7d84b6,rows-100-vars-1000-width-8,100,1000,800,well,11,,8,,,af7af138e6af3cc9e52edf7c2819d7ac248071d1ee503747ac72b7beabe2ee9a,cfg-aa8ff7285e0ba845,com.github.vbmacher.spark_lp.CholeskyBenchmark,Cholesky,cholesky,,,1e-08,100,,1e-10,1000,0.0,0.0,268435456,8,1,4,4,core solve excluding independent validation,1,,550c1d6863214c606d7afaf8c886f342d5e6f8076ffca2a81e02a02afc1004f6,fedora,Linux,3.5.3,11.0.26+4-LTS,com.github.fommil.netlib.F2jBLAS,local[4],1,1,False,Success,2.800632696,6,0,0,,0,independent-original-lp,2.3842882806415725e-16,2.9714233711099293e-12,3.5859958206450816e-10,5.847432636581316,3.805154623727215e-10,2.0086359914258102e-13,3.7082848211377995e-13,1631564160,2451668992,driver process; combined with executors in local mode; includes validation,,rows-100-vars-1000-width-8--cholesky/records.jsonl,,dc3534f89a15a9019ada990d96fd8fa14597cf9a94215868a7af4febd53ccb08,2
rerun-20260914-solver-scaling,cfg-c71dbea4677781a4,env-e6211d7d84b6,rows-100-vars-1000-width-8,100,1000,800,well,11,,8,,,af7af138e6af3cc9e52edf7c2819d7ac248071d1ee503747ac72b7beabe2ee9a,cfg-aa8ff7285e0ba845,com.github.vbmacher.spark_lp.CholeskyBenchmark,Cholesky,cholesky,,,1e-08,100,,1e-10,1000,0.0,0.0,268435456,8,1,4,4,core solve excluding independent validation,1,,550c1d6863214c606d7afaf8c886f342d5e6f8076ffca2a81e02a02afc1004f6,fedora,Linux,3.5.3,11.0.26+4-LTS,com.github.fommil.netlib.F2jBLAS,local[4],2,1,False,Success,3.691209869,6,0,0,,0,independent-original-lp,2.3842882806415725e-16,2.9714233711099293e-12,3.5859958206450816e-10,5.847432636581316,3.805154623727215e-10,2.0086359914258102e-13,3.7082848211377995e-13,2124670064,2864775168,driver process; combined with executors in local mode; includes validation,,rows-100-vars-1000-width-8--cholesky/records.jsonl,,dc3534f89a15a9019ada990d96fd8fa14597cf9a94215868a7af4febd53ccb08,3
rerun-20260914-solver-scaling,cfg-c71dbea4677781a4,env-e6211d7d84b6,rows-100-vars-1000-width-8,100,1000,800,well,11,,8,,,af7af138e6af3cc9e52edf7c2819d7ac248071d1ee503747ac72b7beabe2ee9a,cfg-aa8ff7285e0ba845,com.github.vbmacher.spark_lp.CholeskyBenchmark,Cholesky,cholesky,,,1e-08,100,,1e-10,1000,0.0,0.0,268435456,8,1,4,4,core solve excluding independent validation,1,,550c1d6863214c606d7afaf8c886f342d5e6f8076ffca2a81e02a02afc1004f6,fedora,Linux,3.5.3,11.0.26+4-LTS,com.github.fommil.netlib.F2jBLAS,local[4],3,1,False,Success,3.749469741,6,0,0,,0,independent-original-lp,2.3842882806415725e-16,2.971423371109928e-12,3.585994523548101e-10,5.847432636581315,3.8051533266302343e-10,2.0086359914258102e-13,3.7082848211377995e-13,2827837440,3548151808,driver process; combined with executors in local mode; includes validation,,rows-100-vars-1000-width-8--cholesky/records.jsonl,,dc3534f89a15a9019ada990d96fd8fa14597cf9a94215868a7af4febd53ccb08,4
rerun-20260914-solver-scaling,cfg-c71dbea4677781a4,env-e6211d7d84b6,rows-100-vars-1000-width-8,100,1000,800,well,11,,8,,,af7af138e6af3cc9e52edf7c2819d7ac248071d1ee503747ac72b7beabe2ee9a,cfg-aa8ff7285e0ba845,com.github.vbmacher.spark_lp.CholeskyBenchmark,Cholesky,cholesky,,,1e-08,100,,1e-10,1000,0.0,0.0,268435456,8,1,4,4,core solve excluding independent validation,1,,550c1d6863214c606d7afaf8c886f342d5e6f8076ffca2a81e02a02afc1004f6,fedora,Linux,3.5.3,11.0.26+4-LTS,com.github.fommil.netlib.F2jBLAS,local[4],4,1,False,Success,3.6973978149999995,6,0,0,,0,independent-original-lp,2.3842882806415725e-16,2.9714233711099293e-12,3.5859958206450816e-10,5.847432636581316,3.805154623727215e-10,2.0086359914258102e-13,3.7082848211377995e-13,3324572960,4051091456,driver process; combined with executors in local mode; includes validation,,rows-100-vars-1000-width-8--cholesky/records.jsonl,,dc3534f89a15a9019ada990d96fd8fa14597cf9a94215868a7af4febd53ccb08,5
rerun-20260914-solver-scaling,cfg-c71dbea4677781a4,env-e6211d7d84b6,rows-100-vars-1000-width-8,100,1000,800,well,11,,8,,,af7af138e6af3cc9e52edf7c2819d7ac248071d1ee503747ac72b7beabe2ee9a,cfg-aa8ff7285e0ba845,com.github.vbmacher.spark_lp.CholeskyBenchmark,Cholesky,cholesky,,,1e-08,100,,1e-10,1000,0.0,0.0,268435456,8,1,4,4,core solve excluding independent validation,1,,550c1d6863214c606d7afaf8c886f342d5e6f8076ffca2a81e02a02afc1004f6,fedora,Linux,3.5.3,11.0.26+4-LTS,com.github.fommil.netlib.F2jBLAS,local[4],5,1,False,Success,2.659568496,6,0,0,,0,independent-original-lp,2.3842882806415725e-16,2.9714233711099293e-12,3.5859958206450816e-10,5.847432636581316,3.805154623727215e-10,2.0086359914258102e-13,3.7082848211377995e-13,3365825168,4210245632,driver process; combined with executors in local mode; includes validation,,rows-100-vars-1000-width-8--cholesky/records.jsonl,,dc3534f89a15a9019ada990d96fd8fa14597cf9a94215868a7af4febd53ccb08,6
rerun-20260914-solver-scaling,cfg-b4f3954385c8e0a0,env-e6211d7d84b6,rows-1000-vars-10000-width-64,1000,10000,64000,well,11,,64,,,a18633ac1972e86cfb9d1fd092fe29a020fc6674ea82adf308463f286c5056ec,cfg-17dc92e41513d856,com.github.vbmacher.spark_lp.CGBenchmark,CG,cg,,,1e-08,100,,1e-10,1000,1e-08,1e-08,268435456,8,1,4,4,core solve excluding independent validation,1,,550c1d6863214c606d7afaf8c886f342d5e6f8076ffca2a81e02a02afc1004f6,fedora,Linux,3.5.3,11.0.26+4-LTS,com.github.fommil.netlib.F2jBLAS,local[4],0,1,True,Success,19.035255700999997,10,528,0,,0,independent-original-lp,1.3788277615242924e-10,7.067162123193563e-16,2.7005029786534055e-10,7.8695527080667045,3.142509684936545e-10,4.6488302775054816e-15,3.371542612103783e-15,3118264504,4069326848,driver process; combined with executors in local mode; includes validation,,rows-1000-vars-10000-width-64--cg/records.jsonl,,952240ba0aa4f1e330c22361cab0faf23c1b5a494c9dd0e250130b8943ba3629,1
rerun-20260914-solver-scaling,cfg-b4f3954385c8e0a0,env-e6211d7d84b6,rows-1000-vars-10000-width-64,1000,10000,64000,well,11,,64,,,a18633ac1972e86cfb9d1fd092fe29a020fc6674ea82adf308463f286c5056ec,cfg-17dc92e41513d856,com.github.vbmacher.spark_lp.CGBenchmark,CG,cg,,,1e-08,100,,1e-10,1000,1e-08,1e-08,268435456,8,1,4,4,core solve excluding independent validation,1,,550c1d6863214c606d7afaf8c886f342d5e6f8076ffca2a81e02a02afc1004f6,fedora,Linux,3.5.3,11.0.26+4-LTS,com.github.fommil.netlib.F2jBLAS,local[4],1,1,False,Success,28.043714362,10,528,0,,0,independent-original-lp,1.3788277615242924e-10,7.067162123193563e-16,2.7005029786534055e-10,7.8695527080667045,3.142509684936545e-10,4.6488302775054816e-15,3.371542612103783e-15,3351452840,4282580992,driver process; combined with executors in local mode; includes validation,,rows-1000-vars-10000-width-64--cg/records.jsonl,,952240ba0aa4f1e330c22361cab0faf23c1b5a494c9dd0e250130b8943ba3629,2
rerun-20260914-solver-scaling,cfg-b4f3954385c8e0a0,env-e6211d7d84b6,rows-1000-vars-10000-width-64,1000,10000,64000,well,11,,64,,,a18633ac1972e86cfb9d1fd092fe29a020fc6674ea82adf308463f286c5056ec,cfg-17dc92e41513d856,com.github.vbmacher.spark_lp.CGBenchmark,CG,cg,,,1e-08,100,,1e-10,1000,1e-08,1e-08,268435456,8,1,4,4,core solve excluding independent validation,1,,550c1d6863214c606d7afaf8c886f342d5e6f8076ffca2a81e02a02afc1004f6,fedora,Linux,3.5.3,11.0.26+4-LTS,com.github.fommil.netlib.F2jBLAS,local[4],2,1,False,Success,28.760135565000002,10,528,0,,0,independent-original-lp,1.3788277615242924e-10,7.067162123193563e-16,2.7005029786534055e-10,7.8695527080667045,3.142509684936545e-10,4.6488302775054816e-15,3.371542612103783e-15,3096695296,4318920704,driver process; combined with executors in local mode; includes validation,,rows-1000-vars-10000-width-64--cg/records.jsonl,,952240ba0aa4f1e330c22361cab0faf23c1b5a494c9dd0e250130b8943ba3629,3
rerun-20260914-solver-scaling,cfg-b4f3954385c8e0a0,env-e6211d7d84b6,rows-1000-vars-10000-width-64,1000,10000,64000,well,11,,64,,,a18633ac1972e86cfb9d1fd092fe29a020fc6674ea82adf308463f286c5056ec,cfg-17dc92e41513d856,com.github.vbmacher.spark_lp.CGBenchmark,CG,cg,,,1e-08,100,,1e-10,1000,1e-08,1e-08,268435456,8,1,4,4,core solve excluding independent validation,1,,550c1d6863214c606d7afaf8c886f342d5e6f8076ffca2a81e02a02afc1004f6,fedora,Linux,3.5.3,11.0.26+4-LTS,com.github.fommil.netlib.F2jBLAS,local[4],3,1,False,Success,24.161555597,10,528,0,,0,independent-original-lp,1.3788277615242924e-10,7.067162123193563e-16,2.7005029786534055e-10,7.8695527080667045,3.142509684936545e-10,4.6488302775054816e-15,3.371542612103783e-15,3035331632,4325359616,driver process; combined with executors in local mode; includes validation,,rows-1000-vars-10000-width-64--cg/records.jsonl,,952240ba0aa4f1e330c22361cab0faf23c1b5a494c9dd0e250130b8943ba3629,4
rerun-20260914-solver-scaling,cfg-b4f3954385c8e0a0,env-e6211d7d84b6,rows-1000-vars-10000-width-64,1000,10000,64000,well,11,,64,,,a18633ac1972e86cfb9d1fd092fe29a020fc6674ea82adf308463f286c5056ec,cfg-17dc92e41513d856,com.github.vbmacher.spark_lp.CGBenchmark,CG,cg,,,1e-08,100,,1e-10,1000,1e-08,1e-08,268435456,8,1,4,4,core solve excluding independent validation,1,,550c1d6863214c606d7afaf8c886f342d5e6f8076ffca2a81e02a02afc1004f6,fedora,Linux,3.5.3,11.0.26+4-LTS,com.github.fommil.netlib.F2jBLAS,local[4],4,1,False,Success,16.533948667,10,528,0,,0,independent-original-lp,1.3788277615242924e-10,7.067162123193563e-16,2.7005029786534055e-10,7.8695527080667045,3.142509684936545e-10,4.6488302775054816e-15,3.371542612103783e-15,3006507752,4328062976,driver process; combined with executors in local mode; includes validation,,rows-1000-vars-10000-width-64--cg/records.jsonl,,952240ba0aa4f1e330c22361cab0faf23c1b5a494c9dd0e250130b8943ba3629,5
rerun-20260914-solver-scaling,cfg-b4f3954385c8e0a0,env-e6211d7d84b6,rows-1000-vars-10000-width-64,1000,10000,64000,well,11,,64,,,a18633ac1972e86cfb9d1fd092fe29a020fc6674ea82adf308463f286c5056ec,cfg-17dc92e41513d856,com.github.vbmacher.spark_lp.CGBenchmark,CG,cg,,,1e-08,100,,1e-10,1000,1e-08,1e-08,268435456,8,1,4,4,core solve excluding independent validation,1,,550c1d6863214c606d7afaf8c886f342d5e6f8076ffca2a81e02a02afc1004f6,fedora,Linux,3.5.3,11.0.26+4-LTS,com.github.fommil.netlib.F2jBLAS,local[4],5,1,False,Success,19.985282113,10,528,0,,0,independent-original-lp,1.3788277615242924e-10,7.067162123193563e-16,2.7005029786534055e-10,7.8695527080667045,3.142509684936545e-10,4.6488302775054816e-15,3.371542612103783e-15,3052113384,4337467392,driver process; combined with executors in local mode; includes validation,,rows-1000-vars-10000-width-64--cg/records.jsonl,,952240ba0aa4f1e330c22361cab0faf23c1b5a494c9dd0e250130b8943ba3629,6
rerun-20260914-solver-scaling,cfg-c71dbea4677781a4,env-e6211d7d84b6,rows-1000-vars-10000-width-64,1000,10000,64000,well,11,,64,,,a18633ac1972e86cfb9d1fd092fe29a020fc6674ea82adf308463f286c5056ec,cfg-aa8ff7285e0ba845,com.github.vbmacher.spark_lp.CholeskyBenchmark,Cholesky,cholesky,,,1e-08,100,,1e-10,1000,0.0,0.0,268435456,8,1,4,4,core solve excluding independent validation,1,,550c1d6863214c606d7afaf8c886f342d5e6f8076ffca2a81e02a02afc1004f6,fedora,Linux,3.5.3,11.0.26+4-LTS,com.github.fommil.netlib.F2jBLAS,local[4],0,1,True,Success,7.742124668999999,10,0,0,,0,independent-original-lp,2.1269604490400495e-16,7.031916096818579e-16,9.493013236305036e-11,7.869552711303891,5.072645758147761e-11,4.648828433224718e-15,3.3715468137875215e-15,2913063456,3842834432,driver process; combined with executors in local mode; includes validation,,rows-1000-vars-10000-width-64--cholesky/records.jsonl,,43e0b43921744b1d51a1af63feff9ff41f4c327388a104321ceeb56a19f8ac94,1
rerun-20260914-solver-scaling,cfg-c71dbea4677781a4,env-e6211d7d84b6,rows-1000-vars-10000-width-64,1000,10000,64000,well,11,,64,,,a18633ac1972e86cfb9d1fd092fe29a020fc6674ea82adf308463f286c5056ec,cfg-aa8ff7285e0ba845,com.github.vbmacher.spark_lp.CholeskyBenchmark,Cholesky,cholesky,,,1e-08,100,,1e-10,1000,0.0,0.0,268435456,8,1,4,4,core solve excluding independent validation,1,,550c1d6863214c606d7afaf8c886f342d5e6f8076ffca2a81e02a02afc1004f6,fedora,Linux,3.5.3,11.0.26+4-LTS,com.github.fommil.netlib.F2jBLAS,local[4],1,1,False,Success,6.351798767,10,0,0,,0,independent-original-lp,2.1269604490400495e-16,7.031916096818579e-16,9.493013236305036e-11,7.869552711303891,5.072645758147761e-11,4.648828433224718e-15,3.3715468137875215e-15,2981065696,4087021568,driver process; combined with executors in local mode; includes validation,,rows-1000-vars-10000-width-64--cholesky/records.jsonl,,43e0b43921744b1d51a1af63feff9ff41f4c327388a104321ceeb56a19f8ac94,2
rerun-20260914-solver-scaling,cfg-c71dbea4677781a4,env-e6211d7d84b6,rows-1000-vars-10000-width-64,1000,10000,64000,well,11,,64,,,a18633ac1972e86cfb9d1fd092fe29a020fc6674ea82adf308463f286c5056ec,cfg-aa8ff7285e0ba845,com.github.vbmacher.spark_lp.CholeskyBenchmark,Cholesky,cholesky,,,1e-08,100,,1e-10,1000,0.0,0.0,268435456,8,1,4,4,core solve excluding independent validation,1,,550c1d6863214c606d7afaf8c886f342d5e6f8076ffca2a81e02a02afc1004f6,fedora,Linux,3.5.3,11.0.26+4-LTS,com.github.fommil.netlib.F2jBLAS,local[4],2,1,False,Success,6.409240595,10,0,0,,0,independent-original-lp,2.1269604490400495e-16,7.031916096818579e-16,9.493013236305036e-11,7.869552711303891,5.072645758147761e-11,4.648828433224718e-15,3.3715468137875215e-15,3076373472,4150722560,driver process; combined with executors in local mode; includes validation,,rows-1000-vars-10000-width-64--cholesky/records.jsonl,,43e0b43921744b1d51a1af63feff9ff41f4c327388a104321ceeb56a19f8ac94,3
rerun-20260914-solver-scaling,cfg-c71dbea4677781a4,env-e6211d7d84b6,rows-1000-vars-10000-width-64,1000,10000,64000,well,11,,64,,,a18633ac1972e86cfb9d1fd092fe29a020fc6674ea82adf308463f286c5056ec,cfg-aa8ff7285e0ba845,com.github.vbmacher.spark_lp.CholeskyBenchmark,Cholesky,cholesky,,,1e-08,100,,1e-10,1000,0.0,0.0,268435456,8,1,4,4,core solve excluding independent validation,1,,550c1d6863214c606d7afaf8c886f342d5e6f8076ffca2a81e02a02afc1004f6,fedora,Linux,3.5.3,11.0.26+4-LTS,com.github.fommil.netlib.F2jBLAS,local[4],3,1,False,Success,6.398915961,10,0,0,,0,independent-original-lp,2.1269604490400495e-16,7.031916096818579e-16,9.493013236305036e-11,7.869552711303891,5.072645758147761e-11,4.648828433224718e-15,3.3715468137875215e-15,3041201152,4176216064,driver process; combined with executors in local mode; includes validation,,rows-1000-vars-10000-width-64--cholesky/records.jsonl,,43e0b43921744b1d51a1af63feff9ff41f4c327388a104321ceeb56a19f8ac94,4
rerun-20260914-solver-scaling,cfg-c71dbea4677781a4,env-e6211d7d84b6,rows-1000-vars-10000-width-64,1000,10000,64000,well,11,,64,,,a18633ac1972e86cfb9d1fd092fe29a020fc6674ea82adf308463f286c5056ec,cfg-aa8ff7285e0ba845,com.github.vbmacher.spark_lp.CholeskyBenchmark,Cholesky,cholesky,,,1e-08,100,,1e-10,1000,0.0,0.0,268435456,8,1,4,4,core solve excluding independent validation,1,,550c1d6863214c606d7afaf8c886f342d5e6f8076ffca2a81e02a02afc1004f6,fedora,Linux,3.5.3,11.0.26+4-LTS,com.github.fommil.netlib.F2jBLAS,local[4],4,1,False,Success,6.393145391,10,0,0,,0,independent-original-lp,2.1269604490400495e-16,7.031916096818579e-16,9.493013236305036e-11,7.869552711303891,5.072645758147761e-11,4.648828433224718e-15,3.3715468137875215e-15,3015756856,4217028608,driver process; combined with executors in local mode; includes validation,,rows-1000-vars-10000-width-64--cholesky/records.jsonl,,43e0b43921744b1d51a1af63feff9ff41f4c327388a104321ceeb56a19f8ac94,5
rerun-20260914-solver-scaling,cfg-c71dbea4677781a4,env-e6211d7d84b6,rows-1000-vars-10000-width-64,1000,10000,64000,well,11,,64,,,a18633ac1972e86cfb9d1fd092fe29a020fc6674ea82adf308463f286c5056ec,cfg-aa8ff7285e0ba845,com.github.vbmacher.spark_lp.CholeskyBenchmark,Cholesky,cholesky,,,1e-08,100,,1e-10,1000,0.0,0.0,268435456,8,1,4,4,core solve excluding independent validation,1,,550c1d6863214c606d7afaf8c886f342d5e6f8076ffca2a81e02a02afc1004f6,fedora,Linux,3.5.3,11.0.26+4-LTS,com.github.fommil.netlib.F2jBLAS,local[4],5,1,False,Success,6.8688785999999995,10,0,0,,0,independent-original-lp,2.1269604490400495e-16,7.031916096818579e-16,9.493013236305036e-11,7.869552711303891,5.072645758147761e-11,4.648828433224718e-15,3.3715468137875215e-15,3069945728,4227497984,driver process; combined with executors in local mode; includes validation,,rows-1000-vars-10000-width-64--cholesky/records.jsonl,,43e0b43921744b1d51a1af63feff9ff41f4c327388a104321ceeb56a19f8ac94,6
rerun-20260914-solver-scaling,cfg-b4f3954385c8e0a0,env-e6211d7d84b6,rows-1000-vars-10000-width-8,1000,10000,8000,well,11,,8,,,49f0c4a2d0cadea55c575aca84d3037d74055680cb97c553b9cdf3d47e0ecff9,cfg-17dc92e41513d856,com.github.vbmacher.spark_lp.CGBenchmark,CG,cg,,,1e-08,100,,1e-10,1000,1e-08,1e-08,268435456,8,1,4,4,core solve excluding independent validation,1,,550c1d6863214c606d7afaf8c886f342d5e6f8076ffca2a81e02a02afc1004f6,fedora,Linux,3.5.3,11.0.26+4-LTS,com.github.fommil.netlib.F2jBLAS,local[4],0,1,True,Success,11.757290054,7,125,0,,0,independent-original-lp,1.3311053532458363e-11,3.3400494285559414e-17,6.820653014126643e-11,7.869552711228086,4.2179787595490525e-11,6.5973863013155356e-15,2.4227591507803196e-15,1976323856,2821554176,driver process; combined with executors in local mode; includes validation,,rows-1000-vars-10000-width-8--cg/records.jsonl,,e54581a78c69642d654edf6de4edee79526d837b303b1a4fadf6beaf2cb5cede,1
rerun-20260914-solver-scaling,cfg-b4f3954385c8e0a0,env-e6211d7d84b6,rows-1000-vars-10000-width-8,1000,10000,8000,well,11,,8,,,49f0c4a2d0cadea55c575aca84d3037d74055680cb97c553b9cdf3d47e0ecff9,cfg-17dc92e41513d856,com.github.vbmacher.spark_lp.CGBenchmark,CG,cg,,,1e-08,100,,1e-10,1000,1e-08,1e-08,268435456,8,1,4,4,core solve excluding independent validation,1,,550c1d6863214c606d7afaf8c886f342d5e6f8076ffca2a81e02a02afc1004f6,fedora,Linux,3.5.3,11.0.26+4-LTS,com.github.fommil.netlib.F2jBLAS,local[4],1,1,False,Success,11.664771262999999,7,125,0,,0,independent-original-lp,1.3311053532458363e-11,3.3400494285559414e-17,6.820653014126643e-11,7.869552711228086,4.2179787595490525e-11,6.5973863013155356e-15,2.4227591507803196e-15,3203620728,3948085248,driver process; combined with executors in local mode; includes validation,,rows-1000-vars-10000-width-8--cg/records.jsonl,,e54581a78c69642d654edf6de4edee79526d837b303b1a4fadf6beaf2cb5cede,2
rerun-20260914-solver-scaling,cfg-b4f3954385c8e0a0,env-e6211d7d84b6,rows-1000-vars-10000-width-8,1000,10000,8000,well,11,,8,,,49f0c4a2d0cadea55c575aca84d3037d74055680cb97c553b9cdf3d47e0ecff9,cfg-17dc92e41513d856,com.github.vbmacher.spark_lp.CGBenchmark,CG,cg,,,1e-08,100,,1e-10,1000,1e-08,1e-08,268435456,8,1,4,4,core solve excluding independent validation,1,,550c1d6863214c606d7afaf8c886f342d5e6f8076ffca2a81e02a02afc1004f6,fedora,Linux,3.5.3,11.0.26+4-LTS,com.github.fommil.netlib.F2jBLAS,local[4],2,1,False,Success,10.119614659,7,125,0,,0,independent-original-lp,1.3311053532458363e-11,3.3400494285559414e-17,6.820653014126643e-11,7.869552711228086,4.2179787595490525e-11,6.5973863013155356e-15,2.4227591507803196e-15,3091154136,4104290304,driver process; combined with executors in local mode; includes validation,,rows-1000-vars-10000-width-8--cg/records.jsonl,,e54581a78c69642d654edf6de4edee79526d837b303b1a4fadf6beaf2cb5cede,3
rerun-20260914-solver-scaling,cfg-b4f3954385c8e0a0,env-e6211d7d84b6,rows-1000-vars-10000-width-8,1000,10000,8000,well,11,,8,,,49f0c4a2d0cadea55c575aca84d3037d74055680cb97c553b9cdf3d47e0ecff9,cfg-17dc92e41513d856,com.github.vbmacher.spark_lp.CGBenchmark,CG,cg,,,1e-08,100,,1e-10,1000,1e-08,1e-08,268435456,8,1,4,4,core solve excluding independent validation,1,,550c1d6863214c606d7afaf8c886f342d5e6f8076ffca2a81e02a02afc1004f6,fedora,Linux,3.5.3,11.0.26+4-LTS,com.github.fommil.netlib.F2jBLAS,local[4],3,1,False,Success,10.339796414999999,7,125,0,,0,independent-original-lp,1.3311053532458363e-11,3.3400494285559414e-17,6.820653014126643e-11,7.869552711228086,4.2179787595490525e-11,6.5973863013155356e-15,2.4227591507803196e-15,3201079288,4137959424,driver process; combined with executors in local mode; includes validation,,rows-1000-vars-10000-width-8--cg/records.jsonl,,e54581a78c69642d654edf6de4edee79526d837b303b1a4fadf6beaf2cb5cede,4
rerun-20260914-solver-scaling,cfg-b4f3954385c8e0a0,env-e6211d7d84b6,rows-1000-vars-10000-width-8,1000,10000,8000,well,11,,8,,,49f0c4a2d0cadea55c575aca84d3037d74055680cb97c553b9cdf3d47e0ecff9,cfg-17dc92e41513d856,com.github.vbmacher.spark_lp.CGBenchmark,CG,cg,,,1e-08,100,,1e-10,1000,1e-08,1e-08,268435456,8,1,4,4,core solve excluding independent validation,1,,550c1d6863214c606d7afaf8c886f342d5e6f8076ffca2a81e02a02afc1004f6,fedora,Linux,3.5.3,11.0.26+4-LTS,com.github.fommil.netlib.F2jBLAS,local[4],4,1,False,Success,10.11947595,7,125,0,,0,independent-original-lp,1.3311053532458363e-11,3.3400494285559414e-17,6.820653014126643e-11,7.869552711228086,4.2179787595490525e-11,6.5973863013155356e-15,2.4227591507803196e-15,3190311416,4148985856,driver process; combined with executors in local mode; includes validation,,rows-1000-vars-10000-width-8--cg/records.jsonl,,e54581a78c69642d654edf6de4edee79526d837b303b1a4fadf6beaf2cb5cede,5
rerun-20260914-solver-scaling,cfg-b4f3954385c8e0a0,env-e6211d7d84b6,rows-1000-vars-10000-width-8,1000,10000,8000,well,11,,8,,,49f0c4a2d0cadea55c575aca84d3037d74055680cb97c553b9cdf3d47e0ecff9,cfg-17dc92e41513d856,com.github.vbmacher.spark_lp.CGBenchmark,CG,cg,,,1e-08,100,,1e-10,1000,1e-08,1e-08,268435456,8,1,4,4,core solve excluding independent validation,1,,550c1d6863214c606d7afaf8c886f342d5e6f8076ffca2a81e02a02afc1004f6,fedora,Linux,3.5.3,11.0.26+4-LTS,com.github.fommil.netlib.F2jBLAS,local[4],5,1,False,Success,9.400725893,7,125,0,,0,independent-original-lp,1.3311053532458363e-11,3.3400494285559414e-17,6.820653014126643e-11,7.869552711228086,4.2179787595490525e-11,6.5973863013155356e-15,2.4227591507803196e-15,3242014200,4216307712,driver process; combined with executors in local mode; includes validation,,rows-1000-vars-10000-width-8--cg/records.jsonl,,e54581a78c69642d654edf6de4edee79526d837b303b1a4fadf6beaf2cb5cede,6
rerun-20260914-solver-scaling,cfg-c71dbea4677781a4,env-e6211d7d84b6,rows-1000-vars-10000-width-8,1000,10000,8000,well,11,,8,,,49f0c4a2d0cadea55c575aca84d3037d74055680cb97c553b9cdf3d47e0ecff9,cfg-aa8ff7285e0ba845,com.github.vbmacher.spark_lp.CholeskyBenchmark,Cholesky,cholesky,,,1e-08,100,,1e-10,1000,0.0,0.0,268435456,8,1,4,4,core solve excluding independent validation,1,,550c1d6863214c606d7afaf8c886f342d5e6f8076ffca2a81e02a02afc1004f6,fedora,Linux,3.5.3,11.0.26+4-LTS,com.github.fommil.netlib.F2jBLAS,local[4],0,1,True,Success,6.567965109,7,0,0,,0,independent-original-lp,1.6062729714792302e-16,3.327499804785325e-17,9.274362122295327e-11,7.869552711445706,6.671537660797554e-11,6.5973845026309315e-15,2.4227564356092178e-15,1992062448,2774892544,driver process; combined with executors in local mode; includes validation,,rows-1000-vars-10000-width-8--cholesky/records.jsonl,,156a2fb0ce3cde4f9334cd8537495ac71839927e3649813a66748be64c44ca1d,1
rerun-20260914-solver-scaling,cfg-c71dbea4677781a4,env-e6211d7d84b6,rows-1000-vars-10000-width-8,1000,10000,8000,well,11,,8,,,49f0c4a2d0cadea55c575aca84d3037d74055680cb97c553b9cdf3d47e0ecff9,cfg-aa8ff7285e0ba845,com.github.vbmacher.spark_lp.CholeskyBenchmark,Cholesky,cholesky,,,1e-08,100,,1e-10,1000,0.0,0.0,268435456,8,1,4,4,core solve excluding independent validation,1,,550c1d6863214c606d7afaf8c886f342d5e6f8076ffca2a81e02a02afc1004f6,fedora,Linux,3.5.3,11.0.26+4-LTS,com.github.fommil.netlib.F2jBLAS,local[4],1,1,False,Success,5.284868402,7,0,0,,0,independent-original-lp,1.6062729714792302e-16,3.327499804785325e-17,9.274362122295327e-11,7.869552711445706,6.671537660797554e-11,6.5973845026309315e-15,2.4227564356092178e-15,3219292160,3975282688,driver process; combined with executors in local mode; includes validation,,rows-1000-vars-10000-width-8--cholesky/records.jsonl,,156a2fb0ce3cde4f9334cd8537495ac71839927e3649813a66748be64c44ca1d,2
rerun-20260914-solver-scaling,cfg-c71dbea4677781a4,env-e6211d7d84b6,rows-1000-vars-10000-width-8,1000,10000,8000,well,11,,8,,,49f0c4a2d0cadea55c575aca84d3037d74055680cb97c553b9cdf3d47e0ecff9,cfg-aa8ff7285e0ba845,com.github.vbmacher.spark_lp.CholeskyBenchmark,Cholesky,cholesky,,,1e-08,100,,1e-10,1000,0.0,0.0,268435456,8,1,4,4,core solve excluding independent validation,1,,550c1d6863214c606d7afaf8c886f342d5e6f8076ffca2a81e02a02afc1004f6,fedora,Linux,3.5.3,11.0.26+4-LTS,com.github.fommil.netlib.F2jBLAS,local[4],2,1,False,Success,4.822938323,7,0,0,,0,independent-original-lp,1.6062729714792302e-16,3.327499804785325e-17,9.274362122295327e-11,7.869552711445706,6.671537660797554e-11,6.5973845026309315e-15,2.4227564356092178e-15,2745292200,4103520256,driver process; combined with executors in local mode; includes validation,,rows-1000-vars-10000-width-8--cholesky/records.jsonl,,156a2fb0ce3cde4f9334cd8537495ac71839927e3649813a66748be64c44ca1d,3
rerun-20260914-solver-scaling,cfg-c71dbea4677781a4,env-e6211d7d84b6,rows-1000-vars-10000-width-8,1000,10000,8000,well,11,,8,,,49f0c4a2d0cadea55c575aca84d3037d74055680cb97c553b9cdf3d47e0ecff9,cfg-aa8ff7285e0ba845,com.github.vbmacher.spark_lp.CholeskyBenchmark,Cholesky,cholesky,,,1e-08,100,,1e-10,1000,0.0,0.0,268435456,8,1,4,4,core solve excluding independent validation,1,,550c1d6863214c606d7afaf8c886f342d5e6f8076ffca2a81e02a02afc1004f6,fedora,Linux,3.5.3,11.0.26+4-LTS,com.github.fommil.netlib.F2jBLAS,local[4],3,1,False,Success,5.320360535000001,7,0,0,,0,independent-original-lp,1.6062729714792302e-16,3.327499804785325e-17,9.274362122295327e-11,7.869552711445706,6.671537660797554e-11,6.5973845026309315e-15,2.4227564356092178e-15,2858332672,4159881216,driver process; combined with executors in local mode; includes validation,,rows-1000-vars-10000-width-8--cholesky/records.jsonl,,156a2fb0ce3cde4f9334cd8537495ac71839927e3649813a66748be64c44ca1d,4
rerun-20260914-solver-scaling,cfg-c71dbea4677781a4,env-e6211d7d84b6,rows-1000-vars-10000-width-8,1000,10000,8000,well,11,,8,,,49f0c4a2d0cadea55c575aca84d3037d74055680cb97c553b9cdf3d47e0ecff9,cfg-aa8ff7285e0ba845,com.github.vbmacher.spark_lp.CholeskyBenchmark,Cholesky,cholesky,,,1e-08,100,,1e-10,1000,0.0,0.0,268435456,8,1,4,4,core solve excluding independent validation,1,,550c1d6863214c606d7afaf8c886f342d5e6f8076ffca2a81e02a02afc1004f6,fedora,Linux,3.5.3,11.0.26+4-LTS,com.github.fommil.netlib.F2jBLAS,local[4],4,1,False,Success,4.649200006999999,7,0,0,,0,independent-original-lp,1.6062729714792302e-16,3.327499804785325e-17,9.274362122295327e-11,7.869552711445706,6.671537660797554e-11,6.5973845026309315e-15,2.4227564356092178e-15,3018163712,4205690880,driver process; combined with executors in local mode; includes validation,,rows-1000-vars-10000-width-8--cholesky/records.jsonl,,156a2fb0ce3cde4f9334cd8537495ac71839927e3649813a66748be64c44ca1d,5
rerun-20260914-solver-scaling,cfg-c71dbea4677781a4,env-e6211d7d84b6,rows-1000-vars-10000-width-8,1000,10000,8000,well,11,,8,,,49f0c4a2d0cadea55c575aca84d3037d74055680cb97c553b9cdf3d47e0ecff9,cfg-aa8ff7285e0ba845,com.github.vbmacher.spark_lp.CholeskyBenchmark,Cholesky,cholesky,,,1e-08,100,,1e-10,1000,0.0,0.0,268435456,8,1,4,4,core solve excluding independent validation,1,,550c1d6863214c606d7afaf8c886f342d5e6f8076ffca2a81e02a02afc1004f6,fedora,Linux,3.5.3,11.0.26+4-LTS,com.github.fommil.netlib.F2jBLAS,local[4],5,1,False,Success,5.180116217,7,0,0,,0,independent-original-lp,1.6062729714792302e-16,3.327499804785325e-17,9.274362122295327e-11,7.869552711445706,6.671537660797554e-11,6.5973845026309315e-15,2.4227564356092178e-15,3027145704,4232413184,driver process; combined with executors in local mode; includes validation,,rows-1000-vars-10000-width-8--cholesky/records.jsonl,,156a2fb0ce3cde4f9334cd8537495ac71839927e3649813a66748be64c44ca1d,6
rerun-20260914-solver-scaling,cfg-b4f3954385c8e0a0,env-e6211d7d84b6,rows-1000-vars-100000-width-8,1000,100000,8000,well,11,,8,,,111dd094a773064617492b60b0f5cce5f3cc3c4ef849729141ab6c72d1879ea5,cfg-17dc92e41513d856,com.github.vbmacher.spark_lp.CGBenchmark,CG,cg,,,1e-08,100,,1e-10,1000,1e-08,1e-08,268435456,8,1,4,4,core solve excluding independent validation,1,,550c1d6863214c606d7afaf8c886f342d5e6f8076ffca2a81e02a02afc1004f6,fedora,Linux,3.5.3,11.0.26+4-LTS,com.github.fommil.netlib.F2jBLAS,local[4],0,1,True,Success,7.184038382,6,80,0,,0,independent-original-lp,1.0957768729737469e-10,1.4656871651841805e-12,2.0988127648606953e-09,7.869552730572907,2.2232165869631925e-09,1.1897004903060984e-14,4.4519630000286426e-14,2976622080,3593699328,driver process; combined with executors in local mode; includes validation,,rows-1000-vars-100000-width-8--cg/records.jsonl,,e7072355197d4159cc7cdb8a3b2af5a2902dd2ef3eb5dab7bb21f4172ee47956,1
rerun-20260914-solver-scaling,cfg-b4f3954385c8e0a0,env-e6211d7d84b6,rows-1000-vars-100000-width-8,1000,100000,8000,well,11,,8,,,111dd094a773064617492b60b0f5cce5f3cc3c4ef849729141ab6c72d1879ea5,cfg-17dc92e41513d856,com.github.vbmacher.spark_lp.CGBenchmark,CG,cg,,,1e-08,100,,1e-10,1000,1e-08,1e-08,268435456,8,1,4,4,core solve excluding independent validation,1,,550c1d6863214c606d7afaf8c886f342d5e6f8076ffca2a81e02a02afc1004f6,fedora,Linux,3.5.3,11.0.26+4-LTS,com.github.fommil.netlib.F2jBLAS,local[4],1,1,False,Success,5.551562228000001,6,80,0,,0,independent-original-lp,1.0957768729737469e-10,1.4656871651841805e-12,2.0988127648606953e-09,7.869552730572907,2.2232165869631925e-09,1.1897004903060984e-14,4.4519630000286426e-14,2778165048,3785244672,driver process; combined with executors in local mode; includes validation,,rows-1000-vars-100000-width-8--cg/records.jsonl,,e7072355197d4159cc7cdb8a3b2af5a2902dd2ef3eb5dab7bb21f4172ee47956,2
rerun-20260914-solver-scaling,cfg-b4f3954385c8e0a0,env-e6211d7d84b6,rows-1000-vars-100000-width-8,1000,100000,8000,well,11,,8,,,111dd094a773064617492b60b0f5cce5f3cc3c4ef849729141ab6c72d1879ea5,cfg-17dc92e41513d856,com.github.vbmacher.spark_lp.CGBenchmark,CG,cg,,,1e-08,100,,1e-10,1000,1e-08,1e-08,268435456,8,1,4,4,core solve excluding independent validation,1,,550c1d6863214c606d7afaf8c886f342d5e6f8076ffca2a81e02a02afc1004f6,fedora,Linux,3.5.3,11.0.26+4-LTS,com.github.fommil.netlib.F2jBLAS,local[4],2,1,False,Success,5.651934064,6,80,0,,0,independent-original-lp,1.0957768729737469e-10,1.4656871651841805e-12,2.0988127648606953e-09,7.869552730572907,2.2232165869631925e-09,1.1897004903060984e-14,4.4519630000286426e-14,3125402040,4018847744,driver process; combined with executors in local mode; includes validation,,rows-1000-vars-100000-width-8--cg/records.jsonl,,e7072355197d4159cc7cdb8a3b2af5a2902dd2ef3eb5dab7bb21f4172ee47956,3
rerun-20260914-solver-scaling,cfg-b4f3954385c8e0a0,env-e6211d7d84b6,rows-1000-vars-100000-width-8,1000,100000,8000,well,11,,8,,,111dd094a773064617492b60b0f5cce5f3cc3c4ef849729141ab6c72d1879ea5,cfg-17dc92e41513d856,com.github.vbmacher.spark_lp.CGBenchmark,CG,cg,,,1e-08,100,,1e-10,1000,1e-08,1e-08,268435456,8,1,4,4,core solve excluding independent validation,1,,550c1d6863214c606d7afaf8c886f342d5e6f8076ffca2a81e02a02afc1004f6,fedora,Linux,3.5.3,11.0.26+4-LTS,com.github.fommil.netlib.F2jBLAS,local[4],3,1,False,Success,5.4588228910000005,6,80,0,,0,independent-original-lp,1.0957768729737469e-10,1.4656871651841805e-12,2.0988127648606953e-09,7.869552730572907,2.2232165869631925e-09,1.1897004903060984e-14,4.4519630000286426e-14,3087575640,4109664256,driver process; combined with executors in local mode; includes validation,,rows-1000-vars-100000-width-8--cg/records.jsonl,,e7072355197d4159cc7cdb8a3b2af5a2902dd2ef3eb5dab7bb21f4172ee47956,4
rerun-20260914-solver-scaling,cfg-b4f3954385c8e0a0,env-e6211d7d84b6,rows-1000-vars-100000-width-8,1000,100000,8000,well,11,,8,,,111dd094a773064617492b60b0f5cce5f3cc3c4ef849729141ab6c72d1879ea5,cfg-17dc92e41513d856,com.github.vbmacher.spark_lp.CGBenchmark,CG,cg,,,1e-08,100,,1e-10,1000,1e-08,1e-08,268435456,8,1,4,4,core solve excluding independent validation,1,,550c1d6863214c606d7afaf8c886f342d5e6f8076ffca2a81e02a02afc1004f6,fedora,Linux,3.5.3,11.0.26+4-LTS,com.github.fommil.netlib.F2jBLAS,local[4],4,1,False,Success,5.8865537770000005,6,80,0,,0,independent-original-lp,1.0957768729737469e-10,1.4656871651841805e-12,2.0988127648606953e-09,7.869552730572907,2.2232165869631925e-09,1.1897004903060984e-14,4.4519630000286426e-14,3125154528,4170809344,driver process; combined with executors in local mode; includes validation,,rows-1000-vars-100000-width-8--cg/records.jsonl,,e7072355197d4159cc7cdb8a3b2af5a2902dd2ef3eb5dab7bb21f4172ee47956,5
rerun-20260914-solver-scaling,cfg-b4f3954385c8e0a0,env-e6211d7d84b6,rows-1000-vars-100000-width-8,1000,100000,8000,well,11,,8,,,111dd094a773064617492b60b0f5cce5f3cc3c4ef849729141ab6c72d1879ea5,cfg-17dc92e41513d856,com.github.vbmacher.spark_lp.CGBenchmark,CG,cg,,,1e-08,100,,1e-10,1000,1e-08,1e-08,268435456,8,1,4,4,core solve excluding independent validation,1,,550c1d6863214c606d7afaf8c886f342d5e6f8076ffca2a81e02a02afc1004f6,fedora,Linux,3.5.3,11.0.26+4-LTS,com.github.fommil.netlib.F2jBLAS,local[4],5,1,False,Success,5.9636029530000005,6,80,0,,0,independent-original-lp,1.0957768729737469e-10,1.4656871651841805e-12,2.0988127648606953e-09,7.869552730572907,2.2232165869631925e-09,1.1897004903060984e-14,4.4519630000286426e-14,3608678656,4517363712,driver process; combined with executors in local mode; includes validation,,rows-1000-vars-100000-width-8--cg/records.jsonl,,e7072355197d4159cc7cdb8a3b2af5a2902dd2ef3eb5dab7bb21f4172ee47956,6
rerun-20260914-solver-scaling,cfg-c71dbea4677781a4,env-e6211d7d84b6,rows-1000-vars-100000-width-8,1000,100000,8000,well,11,,8,,,111dd094a773064617492b60b0f5cce5f3cc3c4ef849729141ab6c72d1879ea5,cfg-aa8ff7285e0ba845,com.github.vbmacher.spark_lp.CholeskyBenchmark,Cholesky,cholesky,,,1e-08,100,,1e-10,1000,0.0,0.0,268435456,8,1,4,4,core solve excluding independent validation,1,,550c1d6863214c606d7afaf8c886f342d5e6f8076ffca2a81e02a02afc1004f6,fedora,Linux,3.5.3,11.0.26+4-LTS,com.github.fommil.netlib.F2jBLAS,local[4],0,1,True,Success,5.638804456000001,6,0,0,,0,independent-original-lp,5.393391754315933e-16,1.4657374935039933e-12,1.8976414231985612e-09,7.86955272878853,2.02203653327835e-09,1.1897004207483478e-14,4.451957985220006e-14,3806354304,4393959424,driver process; combined with executors in local mode; includes validation,,rows-1000-vars-100000-width-8--cholesky/records.jsonl,,d941f9501ace65b2c804771d1822fa944bb2e73f1f6a0bd4eddf6657b26a5d7d,1
rerun-20260914-solver-scaling,cfg-c71dbea4677781a4,env-e6211d7d84b6,rows-1000-vars-100000-width-8,1000,100000,8000,well,11,,8,,,111dd094a773064617492b60b0f5cce5f3cc3c4ef849729141ab6c72d1879ea5,cfg-aa8ff7285e0ba845,com.github.vbmacher.spark_lp.CholeskyBenchmark,Cholesky,cholesky,,,1e-08,100,,1e-10,1000,0.0,0.0,268435456,8,1,4,4,core solve excluding independent validation,1,,550c1d6863214c606d7afaf8c886f342d5e6f8076ffca2a81e02a02afc1004f6,fedora,Linux,3.5.3,11.0.26+4-LTS,com.github.fommil.netlib.F2jBLAS,local[4],1,1,False,Success,4.00393904,6,0,0,,0,independent-original-lp,5.393391754315933e-16,1.4657374935039933e-12,1.8976414231985612e-09,7.86955272878853,2.02203653327835e-09,1.1897004207483478e-14,4.451957985220006e-14,3747013632,4670701568,driver process; combined with executors in local mode; includes validation,,rows-1000-vars-100000-width-8--cholesky/records.jsonl,,d941f9501ace65b2c804771d1822fa944bb2e73f1f6a0bd4eddf6657b26a5d7d,2
rerun-20260914-solver-scaling,cfg-c71dbea4677781a4,env-e6211d7d84b6,rows-1000-vars-100000-width-8,1000,100000,8000,well,11,,8,,,111dd094a773064617492b60b0f5cce5f3cc3c4ef849729141ab6c72d1879ea5,cfg-aa8ff7285e0ba845,com.github.vbmacher.spark_lp.CholeskyBenchmark,Cholesky,cholesky,,,1e-08,100,,1e-10,1000,0.0,0.0,268435456,8,1,4,4,core solve excluding independent validation,1,,550c1d6863214c606d7afaf8c886f342d5e6f8076ffca2a81e02a02afc1004f6,fedora,Linux,3.5.3,11.0.26+4-LTS,com.github.fommil.netlib.F2jBLAS,local[4],2,1,False,Success,3.985508281,6,0,0,,0,independent-original-lp,5.393391754315933e-16,1.4657374935039933e-12,1.8976414231985612e-09,7.86955272878853,2.02203653327835e-09,1.1897004207483478e-14,4.451957985220006e-14,3724834552,4778459136,driver process; combined with executors in local mode; includes validation,,rows-1000-vars-100000-width-8--cholesky/records.jsonl,,d941f9501ace65b2c804771d1822fa944bb2e73f1f6a0bd4eddf6657b26a5d7d,3
rerun-20260914-solver-scaling,cfg-c71dbea4677781a4,env-e6211d7d84b6,rows-1000-vars-100000-width-8,1000,100000,8000,well,11,,8,,,111dd094a773064617492b60b0f5cce5f3cc3c4ef849729141ab6c72d1879ea5,cfg-aa8ff7285e0ba845,com.github.vbmacher.spark_lp.CholeskyBenchmark,Cholesky,cholesky,,,1e-08,100,,1e-10,1000,0.0,0.0,268435456,8,1,4,4,core solve excluding independent validation,1,,550c1d6863214c606d7afaf8c886f342d5e6f8076ffca2a81e02a02afc1004f6,fedora,Linux,3.5.3,11.0.26+4-LTS,com.github.fommil.netlib.F2jBLAS,local[4],3,1,False,Success,4.325176312,6,0,0,,0,independent-original-lp,5.393391754315933e-16,1.4657374935039933e-12,1.8976414231985612e-09,7.86955272878853,2.02203653327835e-09,1.1897004207483478e-14,4.451957985220006e-14,3677774736,4826529792,driver process; combined with executors in local mode; includes validation,,rows-1000-vars-100000-width-8--cholesky/records.jsonl,,d941f9501ace65b2c804771d1822fa944bb2e73f1f6a0bd4eddf6657b26a5d7d,4
rerun-20260914-solver-scaling,cfg-c71dbea4677781a4,env-e6211d7d84b6,rows-1000-vars-100000-width-8,1000,100000,8000,well,11,,8,,,111dd094a773064617492b60b0f5cce5f3cc3c4ef849729141ab6c72d1879ea5,cfg-aa8ff7285e0ba845,com.github.vbmacher.spark_lp.CholeskyBenchmark,Cholesky,cholesky,,,1e-08,100,,1e-10,1000,0.0,0.0,268435456,8,1,4,4,core solve excluding independent validation,1,,550c1d6863214c606d7afaf8c886f342d5e6f8076ffca2a81e02a02afc1004f6,fedora,Linux,3.5.3,11.0.26+4-LTS,com.github.fommil.netlib.F2jBLAS,local[4],4,1,False,Success,5.987021445,6,0,0,,0,independent-original-lp,5.393391754315933e-16,1.4657374935039933e-12,1.8976414231985612e-09,7.86955272878853,2.02203653327835e-09,1.1897004207483478e-14,4.451957985220006e-14,3706712928,4853334016,driver process; combined with executors in local mode; includes validation,,rows-1000-vars-100000-width-8--cholesky/records.jsonl,,d941f9501ace65b2c804771d1822fa944bb2e73f1f6a0bd4eddf6657b26a5d7d,5
rerun-20260914-solver-scaling,cfg-c71dbea4677781a4,env-e6211d7d84b6,rows-1000-vars-100000-width-8,1000,100000,8000,well,11,,8,,,111dd094a773064617492b60b0f5cce5f3cc3c4ef849729141ab6c72d1879ea5,cfg-aa8ff7285e0ba845,com.github.vbmacher.spark_lp.CholeskyBenchmark,Cholesky,cholesky,,,1e-08,100,,1e-10,1000,0.0,0.0,268435456,8,1,4,4,core solve excluding independent validation,1,,550c1d6863214c606d7afaf8c886f342d5e6f8076ffca2a81e02a02afc1004f6,fedora,Linux,3.5.3,11.0.26+4-LTS,com.github.fommil.netlib.F2jBLAS,local[4],5,1,False,Success,6.106898169,6,0,0,,0,independent-original-lp,5.393391754315933e-16,1.4657374935039933e-12,1.8976414231985612e-09,7.86955272878853,2.02203653327835e-09,1.1897004207483478e-14,4.451957985220006e-14,3806994912,4877205504,driver process; combined with executors in local mode; includes validation,,rows-1000-vars-100000-width-8--cholesky/records.jsonl,,d941f9501ace65b2c804771d1822fa944bb2e73f1f6a0bd4eddf6657b26a5d7d,6
rerun-20260914-solver-scaling,cfg-b4f3954385c8e0a0,env-e6211d7d84b6,rows-1000-vars-1000000-width-8,1000,1000000,8000,well,11,,8,,,73fd2e42baa652c75dbcc65575c7e1352e229aa167cf659d5bb369d2025288d7,cfg-17dc92e41513d856,com.github.vbmacher.spark_lp.CGBenchmark,CG,cg,,,1e-08,100,,1e-10,1000,1e-08,1e-08,268435456,8,1,4,4,core solve excluding independent validation,1,,550c1d6863214c606d7afaf8c886f342d5e6f8076ffca2a81e02a02afc1004f6,fedora,Linux,3.5.3,11.0.26+4-LTS,com.github.fommil.netlib.F2jBLAS,local[4],0,1,True,Success,8.829771726,6,50,0,,0,independent-original-lp,1.3681156130082673e-13,7.58195717020201e-14,5.52274560992796e-11,7.869552711408289,6.24968671175342e-11,1.3085786571473284e-16,1.3397084224013949e-15,3779812232,4620271616,driver process; combined with executors in local mode; includes validation,,rows-1000-vars-1000000-width-8--cg/records.jsonl,,b8d107caf0ce15409f80ddcd0b6c880f14ec96fe5829fc2033fdd0703ea4d42d,1
rerun-20260914-solver-scaling,cfg-b4f3954385c8e0a0,env-e6211d7d84b6,rows-1000-vars-1000000-width-8,1000,1000000,8000,well,11,,8,,,73fd2e42baa652c75dbcc65575c7e1352e229aa167cf659d5bb369d2025288d7,cfg-17dc92e41513d856,com.github.vbmacher.spark_lp.CGBenchmark,CG,cg,,,1e-08,100,,1e-10,1000,1e-08,1e-08,268435456,8,1,4,4,core solve excluding independent validation,1,,550c1d6863214c606d7afaf8c886f342d5e6f8076ffca2a81e02a02afc1004f6,fedora,Linux,3.5.3,11.0.26+4-LTS,com.github.fommil.netlib.F2jBLAS,local[4],1,1,False,Success,8.431302153,6,50,0,,0,independent-original-lp,1.3681156130082673e-13,7.58195717020201e-14,5.52274560992796e-11,7.869552711408289,6.24968671175342e-11,1.3085786571473284e-16,1.3397084224013949e-15,4242594120,5088346112,driver process; combined with executors in local mode; includes validation,,rows-1000-vars-1000000-width-8--cg/records.jsonl,,b8d107caf0ce15409f80ddcd0b6c880f14ec96fe5829fc2033fdd0703ea4d42d,2
rerun-20260914-solver-scaling,cfg-b4f3954385c8e0a0,env-e6211d7d84b6,rows-1000-vars-1000000-width-8,1000,1000000,8000,well,11,,8,,,73fd2e42baa652c75dbcc65575c7e1352e229aa167cf659d5bb369d2025288d7,cfg-17dc92e41513d856,com.github.vbmacher.spark_lp.CGBenchmark,CG,cg,,,1e-08,100,,1e-10,1000,1e-08,1e-08,268435456,8,1,4,4,core solve excluding independent validation,1,,550c1d6863214c606d7afaf8c886f342d5e6f8076ffca2a81e02a02afc1004f6,fedora,Linux,3.5.3,11.0.26+4-LTS,com.github.fommil.netlib.F2jBLAS,local[4],2,1,False,Success,7.9913098719999995,6,50,0,,0,independent-original-lp,1.3681156130082673e-13,7.58195717020201e-14,5.52274560992796e-11,7.869552711408289,6.24968671175342e-11,1.3085786571473284e-16,1.3397084224013949e-15,4251301904,5153357824,driver process; combined with executors in local mode; includes validation,,rows-1000-vars-1000000-width-8--cg/records.jsonl,,b8d107caf0ce15409f80ddcd0b6c880f14ec96fe5829fc2033fdd0703ea4d42d,3
rerun-20260914-solver-scaling,cfg-b4f3954385c8e0a0,env-e6211d7d84b6,rows-1000-vars-1000000-width-8,1000,1000000,8000,well,11,,8,,,73fd2e42baa652c75dbcc65575c7e1352e229aa167cf659d5bb369d2025288d7,cfg-17dc92e41513d856,com.github.vbmacher.spark_lp.CGBenchmark,CG,cg,,,1e-08,100,,1e-10,1000,1e-08,1e-08,268435456,8,1,4,4,core solve excluding independent validation,1,,550c1d6863214c606d7afaf8c886f342d5e6f8076ffca2a81e02a02afc1004f6,fedora,Linux,3.5.3,11.0.26+4-LTS,com.github.fommil.netlib.F2jBLAS,local[4],3,1,False,Success,8.035312384,6,50,0,,0,independent-original-lp,1.3681156130082673e-13,7.58195717020201e-14,5.52274560992796e-11,7.869552711408289,6.24968671175342e-11,1.3085786571473284e-16,1.3397084224013949e-15,4284932464,5223055360,driver process; combined with executors in local mode; includes validation,,rows-1000-vars-1000000-width-8--cg/records.jsonl,,b8d107caf0ce15409f80ddcd0b6c880f14ec96fe5829fc2033fdd0703ea4d42d,4
rerun-20260914-solver-scaling,cfg-b4f3954385c8e0a0,env-e6211d7d84b6,rows-1000-vars-1000000-width-8,1000,1000000,8000,well,11,,8,,,73fd2e42baa652c75dbcc65575c7e1352e229aa167cf659d5bb369d2025288d7,cfg-17dc92e41513d856,com.github.vbmacher.spark_lp.CGBenchmark,CG,cg,,,1e-08,100,,1e-10,1000,1e-08,1e-08,268435456,8,1,4,4,core solve excluding independent validation,1,,550c1d6863214c606d7afaf8c886f342d5e6f8076ffca2a81e02a02afc1004f6,fedora,Linux,3.5.3,11.0.26+4-LTS,com.github.fommil.netlib.F2jBLAS,local[4],4,1,False,Success,7.835925845000001,6,50,0,,0,independent-original-lp,1.3681156130082673e-13,7.58195717020201e-14,5.52274560992796e-11,7.869552711408289,6.24968671175342e-11,1.3085786571473284e-16,1.3397084224013949e-15,4286613312,5245452288,driver process; combined with executors in local mode; includes validation,,rows-1000-vars-1000000-width-8--cg/records.jsonl,,b8d107caf0ce15409f80ddcd0b6c880f14ec96fe5829fc2033fdd0703ea4d42d,5
rerun-20260914-solver-scaling,cfg-b4f3954385c8e0a0,env-e6211d7d84b6,rows-1000-vars-1000000-width-8,1000,1000000,8000,well,11,,8,,,73fd2e42baa652c75dbcc65575c7e1352e229aa167cf659d5bb369d2025288d7,cfg-17dc92e41513d856,com.github.vbmacher.spark_lp.CGBenchmark,CG,cg,,,1e-08,100,,1e-10,1000,1e-08,1e-08,268435456,8,1,4,4,core solve excluding independent validation,1,,550c1d6863214c606d7afaf8c886f342d5e6f8076ffca2a81e02a02afc1004f6,fedora,Linux,3.5.3,11.0.26+4-LTS,com.github.fommil.netlib.F2jBLAS,local[4],5,1,False,Success,7.591153749,6,50,0,,0,independent-original-lp,1.3681156130082673e-13,7.58195717020201e-14,5.52274560992796e-11,7.869552711408289,6.24968671175342e-11,1.3085786571473284e-16,1.3397084224013949e-15,4284529816,5278416896,driver process; combined with executors in local mode; includes validation,,rows-1000-vars-1000000-width-8--cg/records.jsonl,,b8d107caf0ce15409f80ddcd0b6c880f14ec96fe5829fc2033fdd0703ea4d42d,6
rerun-20260914-solver-scaling,cfg-c71dbea4677781a4,env-e6211d7d84b6,rows-1000-vars-1000000-width-8,1000,1000000,8000,well,11,,8,,,73fd2e42baa652c75dbcc65575c7e1352e229aa167cf659d5bb369d2025288d7,cfg-aa8ff7285e0ba845,com.github.vbmacher.spark_lp.CholeskyBenchmark,Cholesky,cholesky,,,1e-08,100,,1e-10,1000,0.0,0.0,268435456,8,1,4,4,core solve excluding independent validation,1,,550c1d6863214c606d7afaf8c886f342d5e6f8076ffca2a81e02a02afc1004f6,fedora,Linux,3.5.3,11.0.26+4-LTS,com.github.fommil.netlib.F2jBLAS,local[4],0,1,True,Success,9.396207515,6,0,0,,0,independent-original-lp,8.854542745089991e-16,7.581957689062615e-14,5.5038896425663085e-11,7.869552711406614,6.230800703020368e-11,1.308578495221681e-16,1.3397109538493766e-15,3720199376,4623564800,driver process; combined with executors in local mode; includes validation,,rows-1000-vars-1000000-width-8--cholesky/records.jsonl,,9ce0d150d47b9523f75dada0d087901d6b31b492a36e58d48de3de2dc68d67c3,1
rerun-20260914-solver-scaling,cfg-c71dbea4677781a4,env-e6211d7d84b6,rows-1000-vars-1000000-width-8,1000,1000000,8000,well,11,,8,,,73fd2e42baa652c75dbcc65575c7e1352e229aa167cf659d5bb369d2025288d7,cfg-aa8ff7285e0ba845,com.github.vbmacher.spark_lp.CholeskyBenchmark,Cholesky,cholesky,,,1e-08,100,,1e-10,1000,0.0,0.0,268435456,8,1,4,4,core solve excluding independent validation,1,,550c1d6863214c606d7afaf8c886f342d5e6f8076ffca2a81e02a02afc1004f6,fedora,Linux,3.5.3,11.0.26+4-LTS,com.github.fommil.netlib.F2jBLAS,local[4],1,1,False,Success,6.460237518,6,0,0,,0,independent-original-lp,8.854542745089991e-16,7.581957689062615e-14,5.5038896425663085e-11,7.869552711406614,6.230800703020368e-11,1.308578495221681e-16,1.3397109538493766e-15,3890109880,4951900160,driver process; combined with executors in local mode; includes validation,,rows-1000-vars-1000000-width-8--cholesky/records.jsonl,,9ce0d150d47b9523f75dada0d087901d6b31b492a36e58d48de3de2dc68d67c3,2
rerun-20260914-solver-scaling,cfg-c71dbea4677781a4,env-e6211d7d84b6,rows-1000-vars-1000000-width-8,1000,1000000,8000,well,11,,8,,,73fd2e42baa652c75dbcc65575c7e1352e229aa167cf659d5bb369d2025288d7,cfg-aa8ff7285e0ba845,com.github.vbmacher.spark_lp.CholeskyBenchmark,Cholesky,cholesky,,,1e-08,100,,1e-10,1000,0.0,0.0,268435456,8,1,4,4,core solve excluding independent validation,1,,550c1d6863214c606d7afaf8c886f342d5e6f8076ffca2a81e02a02afc1004f6,fedora,Linux,3.5.3,11.0.26+4-LTS,com.github.fommil.netlib.F2jBLAS,local[4],2,1,False,Success,6.083196217,6,0,0,,0,independent-original-lp,8.854542745089991e-16,7.581957689062615e-14,5.5038896425663085e-11,7.869552711406614,6.230800703020368e-11,1.308578495221681e-16,1.3397109538493766e-15,3998435680,5139103744,driver process; combined with executors in local mode; includes validation,,rows-1000-vars-1000000-width-8--cholesky/records.jsonl,,9ce0d150d47b9523f75dada0d087901d6b31b492a36e58d48de3de2dc68d67c3,3
rerun-20260914-solver-scaling,cfg-c71dbea4677781a4,env-e6211d7d84b6,rows-1000-vars-1000000-width-8,1000,1000000,8000,well,11,,8,,,73fd2e42baa652c75dbcc65575c7e1352e229aa167cf659d5bb369d2025288d7,cfg-aa8ff7285e0ba845,com.github.vbmacher.spark_lp.CholeskyBenchmark,Cholesky,cholesky,,,1e-08,100,,1e-10,1000,0.0,0.0,268435456,8,1,4,4,core solve excluding independent validation,1,,550c1d6863214c606d7afaf8c886f342d5e6f8076ffca2a81e02a02afc1004f6,fedora,Linux,3.5.3,11.0.26+4-LTS,com.github.fommil.netlib.F2jBLAS,local[4],3,1,False,Success,6.278443693,6,0,0,,0,independent-original-lp,8.854542745089991e-16,7.581957689062615e-14,5.5038896425663085e-11,7.869552711406614,6.230800703020368e-11,1.308578495221681e-16,1.3397109538493766e-15,4193860792,5209063424,driver process; combined with executors in local mode; includes validation,,rows-1000-vars-1000000-width-8--cholesky/records.jsonl,,9ce0d150d47b9523f75dada0d087901d6b31b492a36e58d48de3de2dc68d67c3,4
rerun-20260914-solver-scaling,cfg-c71dbea4677781a4,env-e6211d7d84b6,rows-1000-vars-1000000-width-8,1000,1000000,8000,well,11,,8,,,73fd2e42baa652c75dbcc65575c7e1352e229aa167cf659d5bb369d2025288d7,cfg-aa8ff7285e0ba845,com.github.vbmacher.spark_lp.CholeskyBenchmark,Cholesky,cholesky,,,1e-08,100,,1e-10,1000,0.0,0.0,268435456,8,1,4,4,core solve excluding independent validation,1,,550c1d6863214c606d7afaf8c886f342d5e6f8076ffca2a81e02a02afc1004f6,fedora,Linux,3.5.3,11.0.26+4-LTS,com.github.fommil.netlib.F2jBLAS,local[4],4,1,False,Success,6.136353858,6,0,0,,0,independent-original-lp,8.854542745089991e-16,7.581957689062615e-14,5.5038896425663085e-11,7.869552711406614,6.230800703020368e-11,1.308578495221681e-16,1.3397109538493766e-15,4251672336,5235916800,driver process; combined with executors in local mode; includes validation,,rows-1000-vars-1000000-width-8--cholesky/records.jsonl,,9ce0d150d47b9523f75dada0d087901d6b31b492a36e58d48de3de2dc68d67c3,5
rerun-20260914-solver-scaling,cfg-c71dbea4677781a4,env-e6211d7d84b6,rows-1000-vars-1000000-width-8,1000,1000000,8000,well,11,,8,,,73fd2e42baa652c75dbcc65575c7e1352e229aa167cf659d5bb369d2025288d7,cfg-aa8ff7285e0ba845,com.github.vbmacher.spark_lp.CholeskyBenchmark,Cholesky,cholesky,,,1e-08,100,,1e-10,1000,0.0,0.0,268435456,8,1,4,4,core solve excluding independent validation,1,,550c1d6863214c606d7afaf8c886f342d5e6f8076ffca2a81e02a02afc1004f6,fedora,Linux,3.5.3,11.0.26+4-LTS,com.github.fommil.netlib.F2jBLAS,local[4],5,1,False,Success,6.321767743,6,0,0,,0,independent-original-lp,8.854542745089991e-16,7.581957689062615e-14,5.5038896425663085e-11,7.869552711406614,6.230800703020368e-11,1.308578495221681e-16,1.3397109538493766e-15,4240381440,5259165696,driver process; combined with executors in local mode; includes validation,,rows-1000-vars-1000000-width-8--cholesky/records.jsonl,,9ce0d150d47b9523f75dada0d087901d6b31b492a36e58d48de3de2dc68d67c3,6
rerun-20260914-solver-scaling,cfg-b4f3954385c8e0a0,env-e6211d7d84b6,rows-10000-vars-100000-width-8,10000,100000,80000,well,11,,8,,,3e845c1436e72b158a9a8913558e8bc08850cfe64f725d2198a28b7810203d61,cfg-17dc92e41513d856,com.github.vbmacher.spark_lp.CGBenchmark,CG,cg,,,1e-08,100,,1e-10,1000,1e-08,1e-08,268435456,8,1,4,4,core solve excluding independent validation,1,,550c1d6863214c606d7afaf8c886f342d5e6f8076ffca2a81e02a02afc1004f6,fedora,Linux,3.5.3,11.0.26+4-LTS,com.github.fommil.netlib.F2jBLAS,local[4],0,1,True,Success,18.252700709,8,162,0,,0,independent-original-lp,2.3671996023674075e-12,3.5416220354969166e-17,9.20830752271715e-11,54.206740355182355,6.906906347298042e-11,7.043907538606688e-15,6.08825512339078e-15,2439469056,3353034752,driver process; combined with executors in local mode; includes validation,,rows-10000-vars-100000-width-8--cg/records.jsonl,,2258b961c74ecad101f7854cbca10d226f5715d062b24a2c41f9bdfeb47ba682,1
rerun-20260914-solver-scaling,cfg-b4f3954385c8e0a0,env-e6211d7d84b6,rows-10000-vars-100000-width-8,10000,100000,80000,well,11,,8,,,3e845c1436e72b158a9a8913558e8bc08850cfe64f725d2198a28b7810203d61,cfg-17dc92e41513d856,com.github.vbmacher.spark_lp.CGBenchmark,CG,cg,,,1e-08,100,,1e-10,1000,1e-08,1e-08,268435456,8,1,4,4,core solve excluding independent validation,1,,550c1d6863214c606d7afaf8c886f342d5e6f8076ffca2a81e02a02afc1004f6,fedora,Linux,3.5.3,11.0.26+4-LTS,com.github.fommil.netlib.F2jBLAS,local[4],1,1,False,Success,11.075704153,8,162,0,,0,independent-original-lp,2.3671996023674075e-12,3.5416220354969166e-17,9.20830752271715e-11,54.206740355182355,6.906906347298042e-11,7.043907538606688e-15,6.08825512339078e-15,3274242056,3957735424,driver process; combined with executors in local mode; includes validation,,rows-10000-vars-100000-width-8--cg/records.jsonl,,2258b961c74ecad101f7854cbca10d226f5715d062b24a2c41f9bdfeb47ba682,2
rerun-20260914-solver-scaling,cfg-b4f3954385c8e0a0,env-e6211d7d84b6,rows-10000-vars-100000-width-8,10000,100000,80000,well,11,,8,,,3e845c1436e72b158a9a8913558e8bc08850cfe64f725d2198a28b7810203d61,cfg-17dc92e41513d856,com.github.vbmacher.spark_lp.CGBenchmark,CG,cg,,,1e-08,100,,1e-10,1000,1e-08,1e-08,268435456,8,1,4,4,core solve excluding independent validation,1,,550c1d6863214c606d7afaf8c886f342d5e6f8076ffca2a81e02a02afc1004f6,fedora,Linux,3.5.3,11.0.26+4-LTS,com.github.fommil.netlib.F2jBLAS,local[4],2,1,False,Success,8.930429146,8,162,0,,0,independent-original-lp,2.3671996023674075e-12,3.5416220354969166e-17,9.20830752271715e-11,54.206740355182355,6.906906347298042e-11,7.043907538606688e-15,6.08825512339078e-15,3026557536,4062511104,driver process; combined with executors in local mode; includes validation,,rows-10000-vars-100000-width-8--cg/records.jsonl,,2258b961c74ecad101f7854cbca10d226f5715d062b24a2c41f9bdfeb47ba682,3
rerun-20260914-solver-scaling,cfg-b4f3954385c8e0a0,env-e6211d7d84b6,rows-10000-vars-100000-width-8,10000,100000,80000,well,11,,8,,,3e845c1436e72b158a9a8913558e8bc08850cfe64f725d2198a28b7810203d61,cfg-17dc92e41513d856,com.github.vbmacher.spark_lp.CGBenchmark,CG,cg,,,1e-08,100,,1e-10,1000,1e-08,1e-08,268435456,8,1,4,4,core solve excluding independent validation,1,,550c1d6863214c606d7afaf8c886f342d5e6f8076ffca2a81e02a02afc1004f6,fedora,Linux,3.5.3,11.0.26+4-LTS,com.github.fommil.netlib.F2jBLAS,local[4],3,1,False,Success,8.533789957,8,162,0,,0,independent-original-lp,2.3671996023674075e-12,3.5416220354969166e-17,9.20830752271715e-11,54.206740355182355,6.906906347298042e-11,7.043907538606688e-15,6.08825512339078e-15,2980802480,4115628032,driver process; combined with executors in local mode; includes validation,,rows-10000-vars-100000-width-8--cg/records.jsonl,,2258b961c74ecad101f7854cbca10d226f5715d062b24a2c41f9bdfeb47ba682,4
rerun-20260914-solver-scaling,cfg-b4f3954385c8e0a0,env-e6211d7d84b6,rows-10000-vars-100000-width-8,10000,100000,80000,well,11,,8,,,3e845c1436e72b158a9a8913558e8bc08850cfe64f725d2198a28b7810203d61,cfg-17dc92e41513d856,com.github.vbmacher.spark_lp.CGBenchmark,CG,cg,,,1e-08,100,,1e-10,1000,1e-08,1e-08,268435456,8,1,4,4,core solve excluding independent validation,1,,550c1d6863214c606d7afaf8c886f342d5e6f8076ffca2a81e02a02afc1004f6,fedora,Linux,3.5.3,11.0.26+4-LTS,com.github.fommil.netlib.F2jBLAS,local[4],4,1,False,Success,9.272477439,8,162,0,,0,independent-original-lp,2.3671996023674075e-12,3.5416220354969166e-17,9.20830752271715e-11,54.206740355182355,6.906906347298042e-11,7.043907538606688e-15,6.08825512339078e-15,2946235392,4134780928,driver process; combined with executors in local mode; includes validation,,rows-10000-vars-100000-width-8--cg/records.jsonl,,2258b961c74ecad101f7854cbca10d226f5715d062b24a2c41f9bdfeb47ba682,5
rerun-20260914-solver-scaling,cfg-b4f3954385c8e0a0,env-e6211d7d84b6,rows-10000-vars-100000-width-8,10000,100000,80000,well,11,,8,,,3e845c1436e72b158a9a8913558e8bc08850cfe64f725d2198a28b7810203d61,cfg-17dc92e41513d856,com.github.vbmacher.spark_lp.CGBenchmark,CG,cg,,,1e-08,100,,1e-10,1000,1e-08,1e-08,268435456,8,1,4,4,core solve excluding independent validation,1,,550c1d6863214c606d7afaf8c886f342d5e6f8076ffca2a81e02a02afc1004f6,fedora,Linux,3.5.3,11.0.26+4-LTS,com.github.fommil.netlib.F2jBLAS,local[4],5,1,False,Success,9.474981741,8,162,0,,0,independent-original-lp,2.3671996023674075e-12,3.5416220354969166e-17,9.20830752271715e-11,54.206740355182355,6.906906347298042e-11,7.043907538606688e-15,6.08825512339078e-15,3044810112,4149821440,driver process; combined with executors in local mode; includes validation,,rows-10000-vars-100000-width-8--cg/records.jsonl,,2258b961c74ecad101f7854cbca10d226f5715d062b24a2c41f9bdfeb47ba682,6
rerun-20260914-solver-scaling,cfg-52ed53f7cb754c8b,env-598484fa71b2,rows-10000-vars-100000-width-8,10000,100000,80000,well,11,,8,,,3e845c1436e72b158a9a8913558e8bc08850cfe64f725d2198a28b7810203d61,cfg-258aabfb44ecb175,com.github.vbmacher.spark_lp.CholeskyBenchmark,Cholesky,cholesky,,,1e-08,,,,,,,,,1,4,4,core solve excluding independent validation,,,550c1d6863214c606d7afaf8c886f342d5e6f8076ffca2a81e02a02afc1004f6,,,,,,,0,1,True,ResourceExcluded,,,,,,,independent-original-lp,,,,,,,,,,driver process; combined with executors in local mode; includes validation,,rows-10000-vars-100000-width-8--cholesky/records.jsonl,,c97ad85b48191beb0603286b2c9c2bd83037856f2e81c3b360e3c38820fdde9f,1
rerun-20260914-solver-scaling,cfg-52ed53f7cb754c8b,env-598484fa71b2,rows-10000-vars-100000-width-8,10000,100000,80000,well,11,,8,,,3e845c1436e72b158a9a8913558e8bc08850cfe64f725d2198a28b7810203d61,cfg-258aabfb44ecb175,com.github.vbmacher.spark_lp.CholeskyBenchmark,Cholesky,cholesky,,,1e-08,,,,,,,,,1,4,4,core solve excluding independent validation,,,550c1d6863214c606d7afaf8c886f342d5e6f8076ffca2a81e02a02afc1004f6,,,,,,,1,1,False,ResourceExcluded,,,,,,,independent-original-lp,,,,,,,,,,driver process; combined with executors in local mode; includes validation,,rows-10000-vars-100000-width-8--cholesky/records.jsonl,,c97ad85b48191beb0603286b2c9c2bd83037856f2e81c3b360e3c38820fdde9f,2
rerun-20260914-solver-scaling,cfg-52ed53f7cb754c8b,env-598484fa71b2,rows-10000-vars-100000-width-8,10000,100000,80000,well,11,,8,,,3e845c1436e72b158a9a8913558e8bc08850cfe64f725d2198a28b7810203d61,cfg-258aabfb44ecb175,com.github.vbmacher.spark_lp.CholeskyBenchmark,Cholesky,cholesky,,,1e-08,,,,,,,,,1,4,4,core solve excluding independent validation,,,550c1d6863214c606d7afaf8c886f342d5e6f8076ffca2a81e02a02afc1004f6,,,,,,,2,1,False,ResourceExcluded,,,,,,,independent-original-lp,,,,,,,,,,driver process; combined with executors in local mode; includes validation,,rows-10000-vars-100000-width-8--cholesky/records.jsonl,,c97ad85b48191beb0603286b2c9c2bd83037856f2e81c3b360e3c38820fdde9f,3
rerun-20260914-solver-scaling,cfg-52ed53f7cb754c8b,env-598484fa71b2,rows-10000-vars-100000-width-8,10000,100000,80000,well,11,,8,,,3e845c1436e72b158a9a8913558e8bc08850cfe64f725d2198a28b7810203d61,cfg-258aabfb44ecb175,com.github.vbmacher.spark_lp.CholeskyBenchmark,Cholesky,cholesky,,,1e-08,,,,,,,,,1,4,4,core solve excluding independent validation,,,550c1d6863214c606d7afaf8c886f342d5e6f8076ffca2a81e02a02afc1004f6,,,,,,,3,1,False,ResourceExcluded,,,,,,,independent-original-lp,,,,,,,,,,driver process; combined with executors in local mode; includes validation,,rows-10000-vars-100000-width-8--cholesky/records.jsonl,,c97ad85b48191beb0603286b2c9c2bd83037856f2e81c3b360e3c38820fdde9f,4
rerun-20260914-solver-scaling,cfg-52ed53f7cb754c8b,env-598484fa71b2,rows-10000-vars-100000-width-8,10000,100000,80000,well,11,,8,,,3e845c1436e72b158a9a8913558e8bc08850cfe64f725d2198a28b7810203d61,cfg-258aabfb44ecb175,com.github.vbmacher.spark_lp.CholeskyBenchmark,Cholesky,cholesky,,,1e-08,,,,,,,,,1,4,4,core solve excluding independent validation,,,550c1d6863214c606d7afaf8c886f342d5e6f8076ffca2a81e02a02afc1004f6,,,,,,,4,1,False,ResourceExcluded,,,,,,,independent-original-lp,,,,,,,,,,driver process; combined with executors in local mode; includes validation,,rows-10000-vars-100000-width-8--cholesky/records.jsonl,,c97ad85b48191beb0603286b2c9c2bd83037856f2e81c3b360e3c38820fdde9f,5
rerun-20260914-solver-scaling,cfg-52ed53f7cb754c8b,env-598484fa71b2,rows-10000-vars-100000-width-8,10000,100000,80000,well,11,,8,,,3e845c1436e72b158a9a8913558e8bc08850cfe64f725d2198a28b7810203d61,cfg-258aabfb44ecb175,com.github.vbmacher.spark_lp.CholeskyBenchmark,Cholesky,cholesky,,,1e-08,,,,,,,,,1,4,4,core solve excluding independent validation,,,550c1d6863214c606d7afaf8c886f342d5e6f8076ffca2a81e02a02afc1004f6,,,,,,,5,1,False,ResourceExcluded,,,,,,,independent-original-lp,,,,,,,,,,driver process; combined with executors in local mode; includes validation,,rows-10000-vars-100000-width-8--cholesky/records.jsonl,,c97ad85b48191beb0603286b2c9c2bd83037856f2e81c3b360e3c38820fdde9f,6
rerun-20260914-solver-scaling,cfg-b4f3954385c8e0a0,env-e6211d7d84b6,rows-500-vars-5000-width-8,500,5000,4000,well,11,,8,,,b778a7c639a17e52690577b55887aada351259e963416f62fddf4183a2c93183,cfg-17dc92e41513d856,com.github.vbmacher.spark_lp.CGBenchmark,CG,cg,,,1e-08,100,,1e-10,1000,1e-08,1e-08,268435456,8,1,4,4,core solve excluding independent validation,1,,550c1d6863214c606d7afaf8c886f342d5e6f8076ffca2a81e02a02afc1004f6,fedora,Linux,3.5.3,11.0.26+4-LTS,com.github.fommil.netlib.F2jBLAS,local[4],0,1,True,Success,10.578882606,7,128,0,,0,independent-original-lp,6.837967576548939e-11,3.692125368813687e-17,6.3954039717316146e-12,-11.250671748710964,1.4852428894898388e-11,1.9856240778030383e-14,3.3622100746206007e-15,2323513624,3057057792,driver process; combined with executors in local mode; includes validation,,rows-500-vars-5000-width-8--cg/records.jsonl,,543760f7b1bf554dce490eb519c72dc566575f9112d3f6db9e74572bb4ee576e,1
rerun-20260914-solver-scaling,cfg-b4f3954385c8e0a0,env-e6211d7d84b6,rows-500-vars-5000-width-8,500,5000,4000,well,11,,8,,,b778a7c639a17e52690577b55887aada351259e963416f62fddf4183a2c93183,cfg-17dc92e41513d856,com.github.vbmacher.spark_lp.CGBenchmark,CG,cg,,,1e-08,100,,1e-10,1000,1e-08,1e-08,268435456,8,1,4,4,core solve excluding independent validation,1,,550c1d6863214c606d7afaf8c886f342d5e6f8076ffca2a81e02a02afc1004f6,fedora,Linux,3.5.3,11.0.26+4-LTS,com.github.fommil.netlib.F2jBLAS,local[4],1,1,False,Success,10.002328203,7,128,0,,0,independent-original-lp,6.837967576548939e-11,3.692125368813687e-17,6.3954039717316146e-12,-11.250671748710964,1.4852428894898388e-11,1.9856240778030383e-14,3.3622100746206007e-15,2159712320,3320889344,driver process; combined with executors in local mode; includes validation,,rows-500-vars-5000-width-8--cg/records.jsonl,,543760f7b1bf554dce490eb519c72dc566575f9112d3f6db9e74572bb4ee576e,2
rerun-20260914-solver-scaling,cfg-b4f3954385c8e0a0,env-e6211d7d84b6,rows-500-vars-5000-width-8,500,5000,4000,well,11,,8,,,b778a7c639a17e52690577b55887aada351259e963416f62fddf4183a2c93183,cfg-17dc92e41513d856,com.github.vbmacher.spark_lp.CGBenchmark,CG,cg,,,1e-08,100,,1e-10,1000,1e-08,1e-08,268435456,8,1,4,4,core solve excluding independent validation,1,,550c1d6863214c606d7afaf8c886f342d5e6f8076ffca2a81e02a02afc1004f6,fedora,Linux,3.5.3,11.0.26+4-LTS,com.github.fommil.netlib.F2jBLAS,local[4],2,1,False,Success,8.899686645000001,7,128,0,,0,independent-original-lp,6.837967576548939e-11,3.692125368813687e-17,6.3954039717316146e-12,-11.250671748710964,1.4852428894898388e-11,1.9856240778030383e-14,3.3622100746206007e-15,2488627456,3557556224,driver process; combined with executors in local mode; includes validation,,rows-500-vars-5000-width-8--cg/records.jsonl,,543760f7b1bf554dce490eb519c72dc566575f9112d3f6db9e74572bb4ee576e,3
rerun-20260914-solver-scaling,cfg-b4f3954385c8e0a0,env-e6211d7d84b6,rows-500-vars-5000-width-8,500,5000,4000,well,11,,8,,,b778a7c639a17e52690577b55887aada351259e963416f62fddf4183a2c93183,cfg-17dc92e41513d856,com.github.vbmacher.spark_lp.CGBenchmark,CG,cg,,,1e-08,100,,1e-10,1000,1e-08,1e-08,268435456,8,1,4,4,core solve excluding independent validation,1,,550c1d6863214c606d7afaf8c886f342d5e6f8076ffca2a81e02a02afc1004f6,fedora,Linux,3.5.3,11.0.26+4-LTS,com.github.fommil.netlib.F2jBLAS,local[4],3,1,False,Success,10.998481607,7,128,0,,0,independent-original-lp,6.837967576548939e-11,3.692125368813687e-17,6.3954039717316146e-12,-11.250671748710964,1.4852428894898388e-11,1.9856240778030383e-14,3.3622100746206007e-15,2756236320,3738861568,driver process; combined with executors in local mode; includes validation,,rows-500-vars-5000-width-8--cg/records.jsonl,,543760f7b1bf554dce490eb519c72dc566575f9112d3f6db9e74572bb4ee576e,4
rerun-20260914-solver-scaling,cfg-b4f3954385c8e0a0,env-e6211d7d84b6,rows-500-vars-5000-width-8,500,5000,4000,well,11,,8,,,b778a7c639a17e52690577b55887aada351259e963416f62fddf4183a2c93183,cfg-17dc92e41513d856,com.github.vbmacher.spark_lp.CGBenchmark,CG,cg,,,1e-08,100,,1e-10,1000,1e-08,1e-08,268435456,8,1,4,4,core solve excluding independent validation,1,,550c1d6863214c606d7afaf8c886f342d5e6f8076ffca2a81e02a02afc1004f6,fedora,Linux,3.5.3,11.0.26+4-LTS,com.github.fommil.netlib.F2jBLAS,local[4],4,1,False,Success,11.360650363000001,7,128,0,,0,independent-original-lp,6.837967576548939e-11,3.692125368813687e-17,6.3954039717316146e-12,-11.250671748710964,1.4852428894898388e-11,1.9856240778030383e-14,3.3622100746206007e-15,3159823872,4032462848,driver process; combined with executors in local mode; includes validation,,rows-500-vars-5000-width-8--cg/records.jsonl,,543760f7b1bf554dce490eb519c72dc566575f9112d3f6db9e74572bb4ee576e,5
rerun-20260914-solver-scaling,cfg-b4f3954385c8e0a0,env-e6211d7d84b6,rows-500-vars-5000-width-8,500,5000,4000,well,11,,8,,,b778a7c639a17e52690577b55887aada351259e963416f62fddf4183a2c93183,cfg-17dc92e41513d856,com.github.vbmacher.spark_lp.CGBenchmark,CG,cg,,,1e-08,100,,1e-10,1000,1e-08,1e-08,268435456,8,1,4,4,core solve excluding independent validation,1,,550c1d6863214c606d7afaf8c886f342d5e6f8076ffca2a81e02a02afc1004f6,fedora,Linux,3.5.3,11.0.26+4-LTS,com.github.fommil.netlib.F2jBLAS,local[4],5,1,False,Success,11.869216096,7,128,0,,0,independent-original-lp,6.837967576548939e-11,3.692125368813687e-17,6.3954039717316146e-12,-11.250671748710964,1.4852428894898388e-11,1.9856240778030383e-14,3.3622100746206007e-15,3179356960,4085121024,driver process; combined with executors in local mode; includes validation,,rows-500-vars-5000-width-8--cg/records.jsonl,,543760f7b1bf554dce490eb519c72dc566575f9112d3f6db9e74572bb4ee576e,6
rerun-20260914-solver-scaling,cfg-c71dbea4677781a4,env-e6211d7d84b6,rows-500-vars-5000-width-8,500,5000,4000,well,11,,8,,,b778a7c639a17e52690577b55887aada351259e963416f62fddf4183a2c93183,cfg-aa8ff7285e0ba845,com.github.vbmacher.spark_lp.CholeskyBenchmark,Cholesky,cholesky,,,1e-08,100,,1e-10,1000,0.0,0.0,268435456,8,1,4,4,core solve excluding independent validation,1,,550c1d6863214c606d7afaf8c886f342d5e6f8076ffca2a81e02a02afc1004f6,fedora,Linux,3.5.3,11.0.26+4-LTS,com.github.fommil.netlib.F2jBLAS,local[4],0,1,True,Success,5.316626272,7,0,0,,0,independent-original-lp,1.6496497186650142e-16,3.351264919539314e-17,9.842623283007918e-11,-11.250671747583535,7.717752996078334e-11,1.985624450976679e-14,3.36220573773069e-15,1791203088,2483126272,driver process; combined with executors in local mode; includes validation,,rows-500-vars-5000-width-8--cholesky/records.jsonl,,58fc169ee06b35df1d1dacb285e363e77ebdb4dee83d0ca1dc70ab419a9a49a4,1
rerun-20260914-solver-scaling,cfg-c71dbea4677781a4,env-e6211d7d84b6,rows-500-vars-5000-width-8,500,5000,4000,well,11,,8,,,b778a7c639a17e52690577b55887aada351259e963416f62fddf4183a2c93183,cfg-aa8ff7285e0ba845,com.github.vbmacher.spark_lp.CholeskyBenchmark,Cholesky,cholesky,,,1e-08,100,,1e-10,1000,0.0,0.0,268435456,8,1,4,4,core solve excluding independent validation,1,,550c1d6863214c606d7afaf8c886f342d5e6f8076ffca2a81e02a02afc1004f6,fedora,Linux,3.5.3,11.0.26+4-LTS,com.github.fommil.netlib.F2jBLAS,local[4],1,1,False,Success,4.174085599,7,0,0,,0,independent-original-lp,1.6496497186650142e-16,3.351264919539314e-17,9.842623283007918e-11,-11.250671747583535,7.717752996078334e-11,1.985624450976679e-14,3.36220573773069e-15,2248421760,3001679872,driver process; combined with executors in local mode; includes validation,,rows-500-vars-5000-width-8--cholesky/records.jsonl,,58fc169ee06b35df1d1dacb285e363e77ebdb4dee83d0ca1dc70ab419a9a49a4,2
rerun-20260914-solver-scaling,cfg-c71dbea4677781a4,env-e6211d7d84b6,rows-500-vars-5000-width-8,500,5000,4000,well,11,,8,,,b778a7c639a17e52690577b55887aada351259e963416f62fddf4183a2c93183,cfg-aa8ff7285e0ba845,com.github.vbmacher.spark_lp.CholeskyBenchmark,Cholesky,cholesky,,,1e-08,100,,1e-10,1000,0.0,0.0,268435456,8,1,4,4,core solve excluding independent validation,1,,550c1d6863214c606d7afaf8c886f342d5e6f8076ffca2a81e02a02afc1004f6,fedora,Linux,3.5.3,11.0.26+4-LTS,com.github.fommil.netlib.F2jBLAS,local[4],2,1,False,Success,4.3724448339999995,7,0,0,,0,independent-original-lp,1.6496497186650142e-16,3.351264919539314e-17,9.842623283007918e-11,-11.250671747583535,7.717752996078334e-11,1.985624450976679e-14,3.36220573773069e-15,3470035968,4128800768,driver process; combined with executors in local mode; includes validation,,rows-500-vars-5000-width-8--cholesky/records.jsonl,,58fc169ee06b35df1d1dacb285e363e77ebdb4dee83d0ca1dc70ab419a9a49a4,3
rerun-20260914-solver-scaling,cfg-c71dbea4677781a4,env-e6211d7d84b6,rows-500-vars-5000-width-8,500,5000,4000,well,11,,8,,,b778a7c639a17e52690577b55887aada351259e963416f62fddf4183a2c93183,cfg-aa8ff7285e0ba845,com.github.vbmacher.spark_lp.CholeskyBenchmark,Cholesky,cholesky,,,1e-08,100,,1e-10,1000,0.0,0.0,268435456,8,1,4,4,core solve excluding independent validation,1,,550c1d6863214c606d7afaf8c886f342d5e6f8076ffca2a81e02a02afc1004f6,fedora,Linux,3.5.3,11.0.26+4-LTS,com.github.fommil.netlib.F2jBLAS,local[4],3,1,False,Success,4.681978204,7,0,0,,0,independent-original-lp,1.6496497186650142e-16,3.351264919539314e-17,9.842623283007918e-11,-11.250671747583535,7.717752996078334e-11,1.985624450976679e-14,3.36220573773069e-15,3423908768,4278534144,driver process; combined with executors in local mode; includes validation,,rows-500-vars-5000-width-8--cholesky/records.jsonl,,58fc169ee06b35df1d1dacb285e363e77ebdb4dee83d0ca1dc70ab419a9a49a4,4
rerun-20260914-solver-scaling,cfg-c71dbea4677781a4,env-e6211d7d84b6,rows-500-vars-5000-width-8,500,5000,4000,well,11,,8,,,b778a7c639a17e52690577b55887aada351259e963416f62fddf4183a2c93183,cfg-aa8ff7285e0ba845,com.github.vbmacher.spark_lp.CholeskyBenchmark,Cholesky,cholesky,,,1e-08,100,,1e-10,1000,0.0,0.0,268435456,8,1,4,4,core solve excluding independent validation,1,,550c1d6863214c606d7afaf8c886f342d5e6f8076ffca2a81e02a02afc1004f6,fedora,Linux,3.5.3,11.0.26+4-LTS,com.github.fommil.netlib.F2jBLAS,local[4],4,1,False,Success,3.9208462579999996,7,0,0,,0,independent-original-lp,1.6496497186650142e-16,3.351264919539314e-17,9.842623283007918e-11,-11.250671747583535,7.717752996078334e-11,1.985624450976679e-14,3.36220573773069e-15,3403339192,4332175360,driver process; combined with executors in local mode; includes validation,,rows-500-vars-5000-width-8--cholesky/records.jsonl,,58fc169ee06b35df1d1dacb285e363e77ebdb4dee83d0ca1dc70ab419a9a49a4,5
rerun-20260914-solver-scaling,cfg-c71dbea4677781a4,env-e6211d7d84b6,rows-500-vars-5000-width-8,500,5000,4000,well,11,,8,,,b778a7c639a17e52690577b55887aada351259e963416f62fddf4183a2c93183,cfg-aa8ff7285e0ba845,com.github.vbmacher.spark_lp.CholeskyBenchmark,Cholesky,cholesky,,,1e-08,100,,1e-10,1000,0.0,0.0,268435456,8,1,4,4,core solve excluding independent validation,1,,550c1d6863214c606d7afaf8c886f342d5e6f8076ffca2a81e02a02afc1004f6,fedora,Linux,3.5.3,11.0.26+4-LTS,com.github.fommil.netlib.F2jBLAS,local[4],5,1,False,Success,3.636365221,7,0,0,,0,independent-original-lp,1.6496497186650142e-16,3.351264919539314e-17,9.842623283007918e-11,-11.250671747583535,7.717752996078334e-11,1.985624450976679e-14,3.36220573773069e-15,3439358208,4391272448,driver process; combined with executors in local mode; includes validation,,rows-500-vars-5000-width-8--cholesky/records.jsonl,,58fc169ee06b35df1d1dacb285e363e77ebdb4dee83d0ca1dc70ab419a9a49a4,6
rerun-20260914-solver-scaling,cfg-b4f3954385c8e0a0,env-e6211d7d84b6,rows-5000-vars-50000-width-8,5000,50000,40000,well,11,,8,,,dec4f12a78a7827d41887d65af8cce15b219de46e4cdda36b543b4ab250de4e4,cfg-17dc92e41513d856,com.github.vbmacher.spark_lp.CGBenchmark,CG,cg,,,1e-08,100,,1e-10,1000,1e-08,1e-08,268435456,8,1,4,4,core solve excluding independent validation,1,,550c1d6863214c606d7afaf8c886f342d5e6f8076ffca2a81e02a02afc1004f6,fedora,Linux,3.5.3,11.0.26+4-LTS,com.github.fommil.netlib.F2jBLAS,local[4],0,1,True,Success,12.890006784,7,149,0,,0,independent-original-lp,4.988857737191015e-16,1.220513491916604e-16,2.3413793405714064e-09,72.66782373752169,1.2882002425855695e-09,2.431662684653388e-13,9.017639811703835e-13,3482295344,3984932864,driver process; combined with executors in local mode; includes validation,,rows-5000-vars-50000-width-8--cg/records.jsonl,,92938796f3d3b6c68ef1f83cf206ec549fdd2d3995fdd3865615b9d90e203cff,1
rerun-20260914-solver-scaling,cfg-b4f3954385c8e0a0,env-e6211d7d84b6,rows-5000-vars-50000-width-8,5000,50000,40000,well,11,,8,,,dec4f12a78a7827d41887d65af8cce15b219de46e4cdda36b543b4ab250de4e4,cfg-17dc92e41513d856,com.github.vbmacher.spark_lp.CGBenchmark,CG,cg,,,1e-08,100,,1e-10,1000,1e-08,1e-08,268435456,8,1,4,4,core solve excluding independent validation,1,,550c1d6863214c606d7afaf8c886f342d5e6f8076ffca2a81e02a02afc1004f6,fedora,Linux,3.5.3,11.0.26+4-LTS,com.github.fommil.netlib.F2jBLAS,local[4],1,1,False,Success,11.436321340000001,7,149,0,,0,independent-original-lp,4.988857737191015e-16,1.220513491916604e-16,2.3413793405714064e-09,72.66782373752169,1.2882002425855695e-09,2.431662684653388e-13,9.017639811703835e-13,2869134480,4234657792,driver process; combined with executors in local mode; includes validation,,rows-5000-vars-50000-width-8--cg/records.jsonl,,92938796f3d3b6c68ef1f83cf206ec549fdd2d3995fdd3865615b9d90e203cff,2
rerun-20260914-solver-scaling,cfg-b4f3954385c8e0a0,env-e6211d7d84b6,rows-5000-vars-50000-width-8,5000,50000,40000,well,11,,8,,,dec4f12a78a7827d41887d65af8cce15b219de46e4cdda36b543b4ab250de4e4,cfg-17dc92e41513d856,com.github.vbmacher.spark_lp.CGBenchmark,CG,cg,,,1e-08,100,,1e-10,1000,1e-08,1e-08,268435456,8,1,4,4,core solve excluding independent validation,1,,550c1d6863214c606d7afaf8c886f342d5e6f8076ffca2a81e02a02afc1004f6,fedora,Linux,3.5.3,11.0.26+4-LTS,com.github.fommil.netlib.F2jBLAS,local[4],2,1,False,Success,12.142520544,7,149,0,,0,independent-original-lp,4.988857737191015e-16,1.220513491916604e-16,2.3413793405714064e-09,72.66782373752169,1.2882002425855695e-09,2.431662684653388e-13,9.017639811703835e-13,2635685360,4289282048,driver process; combined with executors in local mode; includes validation,,rows-5000-vars-50000-width-8--cg/records.jsonl,,92938796f3d3b6c68ef1f83cf206ec549fdd2d3995fdd3865615b9d90e203cff,3
rerun-20260914-solver-scaling,cfg-b4f3954385c8e0a0,env-e6211d7d84b6,rows-5000-vars-50000-width-8,5000,50000,40000,well,11,,8,,,dec4f12a78a7827d41887d65af8cce15b219de46e4cdda36b543b4ab250de4e4,cfg-17dc92e41513d856,com.github.vbmacher.spark_lp.CGBenchmark,CG,cg,,,1e-08,100,,1e-10,1000,1e-08,1e-08,268435456,8,1,4,4,core solve excluding independent validation,1,,550c1d6863214c606d7afaf8c886f342d5e6f8076ffca2a81e02a02afc1004f6,fedora,Linux,3.5.3,11.0.26+4-LTS,com.github.fommil.netlib.F2jBLAS,local[4],3,1,False,Success,9.551146762,7,149,0,,0,independent-original-lp,4.988857737191015e-16,1.220513491916604e-16,2.3413793405714064e-09,72.66782373752169,1.2882002425855695e-09,2.431662684653388e-13,9.017639811703835e-13,2863649480,4336353280,driver process; combined with executors in local mode; includes validation,,rows-5000-vars-50000-width-8--cg/records.jsonl,,92938796f3d3b6c68ef1f83cf206ec549fdd2d3995fdd3865615b9d90e203cff,4
rerun-20260914-solver-scaling,cfg-b4f3954385c8e0a0,env-e6211d7d84b6,rows-5000-vars-50000-width-8,5000,50000,40000,well,11,,8,,,dec4f12a78a7827d41887d65af8cce15b219de46e4cdda36b543b4ab250de4e4,cfg-17dc92e41513d856,com.github.vbmacher.spark_lp.CGBenchmark,CG,cg,,,1e-08,100,,1e-10,1000,1e-08,1e-08,268435456,8,1,4,4,core solve excluding independent validation,1,,550c1d6863214c606d7afaf8c886f342d5e6f8076ffca2a81e02a02afc1004f6,fedora,Linux,3.5.3,11.0.26+4-LTS,com.github.fommil.netlib.F2jBLAS,local[4],4,1,False,Success,7.417349703,7,149,0,,0,independent-original-lp,4.988857737191015e-16,1.220513491916604e-16,2.3413793405714064e-09,72.66782373752169,1.2882002425855695e-09,2.431662684653388e-13,9.017639811703835e-13,2903473536,4375412736,driver process; combined with executors in local mode; includes validation,,rows-5000-vars-50000-width-8--cg/records.jsonl,,92938796f3d3b6c68ef1f83cf206ec549fdd2d3995fdd3865615b9d90e203cff,5
rerun-20260914-solver-scaling,cfg-b4f3954385c8e0a0,env-e6211d7d84b6,rows-5000-vars-50000-width-8,5000,50000,40000,well,11,,8,,,dec4f12a78a7827d41887d65af8cce15b219de46e4cdda36b543b4ab250de4e4,cfg-17dc92e41513d856,com.github.vbmacher.spark_lp.CGBenchmark,CG,cg,,,1e-08,100,,1e-10,1000,1e-08,1e-08,268435456,8,1,4,4,core solve excluding independent validation,1,,550c1d6863214c606d7afaf8c886f342d5e6f8076ffca2a81e02a02afc1004f6,fedora,Linux,3.5.3,11.0.26+4-LTS,com.github.fommil.netlib.F2jBLAS,local[4],5,1,False,Success,14.664175772,7,149,0,,0,independent-original-lp,4.988857737191015e-16,1.220513491916604e-16,2.3413793405714064e-09,72.66782373752169,1.2882002425855695e-09,2.431662684653388e-13,9.017639811703835e-13,2970107552,4403003392,driver process; combined with executors in local mode; includes validation,,rows-5000-vars-50000-width-8--cg/records.jsonl,,92938796f3d3b6c68ef1f83cf206ec549fdd2d3995fdd3865615b9d90e203cff,6
rerun-20260914-solver-scaling,cfg-c71dbea4677781a4,env-e6211d7d84b6,rows-5000-vars-50000-width-8,5000,50000,40000,well,11,,8,,,dec4f12a78a7827d41887d65af8cce15b219de46e4cdda36b543b4ab250de4e4,cfg-aa8ff7285e0ba845,com.github.vbmacher.spark_lp.CholeskyBenchmark,Cholesky,cholesky,,,1e-08,100,,1e-10,1000,0.0,0.0,268435456,8,1,4,4,core solve excluding independent validation,1,,550c1d6863214c606d7afaf8c886f342d5e6f8076ffca2a81e02a02afc1004f6,fedora,Linux,3.5.3,11.0.26+4-LTS,com.github.fommil.netlib.F2jBLAS,local[4],0,1,True,Success,157.686084334,7,0,0,,0,independent-original-lp,2.112796298706295e-16,3.509684957562945e-17,2.3413967019764993e-09,72.66782373752174,1.288201014203571e-09,2.4316641360717116e-13,9.017649635774177e-13,2189769368,3689971712,driver process; combined with executors in local mode; includes validation,,rows-5000-vars-50000-width-8--cholesky/records.jsonl,,246fabaf32f71f056f5af5dd44292a561048f9e2988455a79f4b82ff762a5c44,1
rerun-20260914-solver-scaling,cfg-c71dbea4677781a4,env-e6211d7d84b6,rows-5000-vars-50000-width-8,5000,50000,40000,well,11,,8,,,dec4f12a78a7827d41887d65af8cce15b219de46e4cdda36b543b4ab250de4e4,cfg-aa8ff7285e0ba845,com.github.vbmacher.spark_lp.CholeskyBenchmark,Cholesky,cholesky,,,1e-08,100,,1e-10,1000,0.0,0.0,268435456,8,1,4,4,core solve excluding independent validation,1,,550c1d6863214c606d7afaf8c886f342d5e6f8076ffca2a81e02a02afc1004f6,fedora,Linux,3.5.3,11.0.26+4-LTS,com.github.fommil.netlib.F2jBLAS,local[4],1,1,False,Success,156.152504246,7,0,0,,0,independent-original-lp,2.112796298706295e-16,3.509684957562945e-17,2.3413967019764993e-09,72.66782373752174,1.288201014203571e-09,2.4316641360717116e-13,9.017649635774177e-13,2244409872,3930882048,driver process; combined with executors in local mode; includes validation,,rows-5000-vars-50000-width-8--cholesky/records.jsonl,,246fabaf32f71f056f5af5dd44292a561048f9e2988455a79f4b82ff762a5c44,2
rerun-20260914-solver-scaling,cfg-c71dbea4677781a4,env-e6211d7d84b6,rows-5000-vars-50000-width-8,5000,50000,40000,well,11,,8,,,dec4f12a78a7827d41887d65af8cce15b219de46e4cdda36b543b4ab250de4e4,cfg-aa8ff7285e0ba845,com.github.vbmacher.spark_lp.CholeskyBenchmark,Cholesky,cholesky,,,1e-08,100,,1e-10,1000,0.0,0.0,268435456,8,1,4,4,core solve excluding independent validation,1,,550c1d6863214c606d7afaf8c886f342d5e6f8076ffca2a81e02a02afc1004f6,fedora,Linux,3.5.3,11.0.26+4-LTS,com.github.fommil.netlib.F2jBLAS,local[4],2,1,False,Success,156.042779577,7,0,0,,0,independent-original-lp,2.112796298706295e-16,3.509684957562945e-17,2.3413967019764993e-09,72.66782373752174,1.288201014203571e-09,2.4316641360717116e-13,9.017649635774177e-13,2162314440,3972857856,driver process; combined with executors in local mode; includes validation,,rows-5000-vars-50000-width-8--cholesky/records.jsonl,,246fabaf32f71f056f5af5dd44292a561048f9e2988455a79f4b82ff762a5c44,3
rerun-20260914-solver-scaling,cfg-c71dbea4677781a4,env-e6211d7d84b6,rows-5000-vars-50000-width-8,5000,50000,40000,well,11,,8,,,dec4f12a78a7827d41887d65af8cce15b219de46e4cdda36b543b4ab250de4e4,cfg-aa8ff7285e0ba845,com.github.vbmacher.spark_lp.CholeskyBenchmark,Cholesky,cholesky,,,1e-08,100,,1e-10,1000,0.0,0.0,268435456,8,1,4,4,core solve excluding independent validation,1,,550c1d6863214c606d7afaf8c886f342d5e6f8076ffca2a81e02a02afc1004f6,fedora,Linux,3.5.3,11.0.26+4-LTS,com.github.fommil.netlib.F2jBLAS,local[4],3,1,False,Success,155.63599364700002,7,0,0,,0,independent-original-lp,2.112796298706295e-16,3.509684957562945e-17,2.3413967019764993e-09,72.66782373752174,1.288201014203571e-09,2.4316641360717116e-13,9.017649635774177e-13,2151419904,4085530624,driver process; combined with executors in local mode; includes validation,,rows-5000-vars-50000-width-8--cholesky/records.jsonl,,246fabaf32f71f056f5af5dd44292a561048f9e2988455a79f4b82ff762a5c44,4
rerun-20260914-solver-scaling,cfg-c71dbea4677781a4,env-e6211d7d84b6,rows-5000-vars-50000-width-8,5000,50000,40000,well,11,,8,,,dec4f12a78a7827d41887d65af8cce15b219de46e4cdda36b543b4ab250de4e4,cfg-aa8ff7285e0ba845,com.github.vbmacher.spark_lp.CholeskyBenchmark,Cholesky,cholesky,,,1e-08,100,,1e-10,1000,0.0,0.0,268435456,8,1,4,4,core solve excluding independent validation,1,,550c1d6863214c606d7afaf8c886f342d5e6f8076ffca2a81e02a02afc1004f6,fedora,Linux,3.5.3,11.0.26+4-LTS,com.github.fommil.netlib.F2jBLAS,local[4],4,1,False,Success,161.27794589899997,7,0,0,,0,independent-original-lp,2.112796298706295e-16,3.509684957562945e-17,2.3413967019764993e-09,72.66782373752174,1.288201014203571e-09,2.4316641360717116e-13,9.017649635774177e-13,2177466512,4098932736,driver process; combined with executors in local mode; includes validation,,rows-5000-vars-50000-width-8--cholesky/records.jsonl,,246fabaf32f71f056f5af5dd44292a561048f9e2988455a79f4b82ff762a5c44,5
rerun-20260914-solver-scaling,cfg-c71dbea4677781a4,env-e6211d7d84b6,rows-5000-vars-50000-width-8,5000,50000,40000,well,11,,8,,,dec4f12a78a7827d41887d65af8cce15b219de46e4cdda36b543b4ab250de4e4,cfg-aa8ff7285e0ba845,com.github.vbmacher.spark_lp.CholeskyBenchmark,Cholesky,cholesky,,,1e-08,100,,1e-10,1000,0.0,0.0,268435456,8,1,4,4,core solve excluding independent validation,1,,550c1d6863214c606d7afaf8c886f342d5e6f8076ffca2a81e02a02afc1004f6,fedora,Linux,3.5.3,11.0.26+4-LTS,com.github.fommil.netlib.F2jBLAS,local[4],5,1,False,Success,155.78445932,7,0,0,,0,independent-original-lp,2.112796298706295e-16,3.509684957562945e-17,2.3413967019764993e-09,72.66782373752174,1.288201014203571e-09,2.4316641360717116e-13,9.017649635774177e-13,2325085288,4210638848,driver process; combined with executors in local mode; includes validation,,rows-5000-vars-50000-width-8--cholesky/records.jsonl,,246fabaf32f71f056f5af5dd44292a561048f9e2988455a79f4b82ff762a5c44,6
